?,,仓店,图,款式编码,商品编码,商品名,颜色及规格,库存,品牌,年份,季节,系列,基本售价,库存明细帐
,111,杭州银泰线下门店,https://images.sursung.com/prod/icloud/10075491/20231227/23D2FBE262AA4BC983118DC541842BF8_s375589_h800_w800.jpg,R3410TR678,R3410TR6787910,可爽绒卫裤加厚款,藏青色;100,2,runrungo,2023,冬,,159,
,111,杭州银泰线下门店,https://images.sursung.com/prod/icloud/10075491/20231227/23D2FBE262AA4BC983118DC541842BF8_s375589_h800_w800.jpg,R3410TR678,R3410TR6787911,可爽绒卫裤加厚款,藏青色;110,2,runrungo,2023,冬,,159,
,111,杭州银泰线下门店,https://images.sursung.com/prod/icloud/10075491/20231227/23D2FBE262AA4BC983118DC541842BF8_s375589_h800_w800.jpg,R3410TR678,R3410TR6787912,可爽绒卫裤加厚款,藏青色;120,2,runrungo,2023,冬,,159,
,111,杭州银泰线下门店,https://images.sursung.com/prod/icloud/10075491/20231227/23D2FBE262AA4BC983118DC541842BF8_s375589_h800_w800.jpg,R3410TR678,R3410TR6787913,可爽绒卫裤加厚款,藏青色;130,2,runrungo,2023,冬,,159,
,111,杭州银泰线下门店,https://images.sursung.com/prod/icloud/10075491/20231227/23D2FBE262AA4BC983118DC541842BF8_s375589_h800_w800.jpg,R3410TR678,R3410TR6787914,可爽绒卫裤加厚款,藏青色;140,2,runrungo,2023,冬,,159,
,111,杭州银泰线下门店,https://images.sursung.com/prod/icloud/10075491/20231227/23D2FBE262AA4BC983118DC541842BF8_s375589_h800_w800.jpg,R3410TR678,R3410TR6787915,可爽绒卫裤加厚款,藏青色;150,2,runrungo,2023,冬,,159,
,111,杭州银泰线下门店,https://images.sursung.com/prod/icloud/10075491/20231227/23D2FBE262AA4BC983118DC541842BF8_s375589_h800_w800.jpg,R3410TR678,R3410TR6787916,可爽绒卫裤加厚款,藏青色;160,2,runrungo,2023,冬,,159,
,111,杭州银泰线下门店,https://images.sursung.com/prod/icloud/10075491/20231227/23DF1770B3FD476C8D84496111A76A9F_s345881_h800_w800.jpg,R3410TR678,R3410TR6789910,可爽绒卫裤加厚款,黑色;100,2,runrungo,2023,冬,,159,
,111,杭州银泰线下门店,https://images.sursung.com/prod/icloud/10075491/20231227/23DF1770B3FD476C8D84496111A76A9F_s345881_h800_w800.jpg,R3410TR678,R3410TR6789911,可爽绒卫裤加厚款,黑色;110,2,runrungo,2023,冬,,159,
,111,杭州银泰线下门店,https://images.sursung.com/prod/icloud/10075491/20231227/23DF1770B3FD476C8D84496111A76A9F_s345881_h800_w800.jpg,R3410TR678,R3410TR6789912,可爽绒卫裤加厚款,黑色;120,2,runrungo,2023,冬,,159,
,111,杭州银泰线下门店,https://images.sursung.com/prod/icloud/10075491/20231227/23DF1770B3FD476C8D84496111A76A9F_s345881_h800_w800.jpg,R3410TR678,R3410TR6789913,可爽绒卫裤加厚款,黑色;130,2,runrungo,2023,冬,,159,
,111,杭州银泰线下门店,https://images.sursung.com/prod/icloud/10075491/20231227/23DF1770B3FD476C8D84496111A76A9F_s345881_h800_w800.jpg,R3410TR678,R3410TR6789914,可爽绒卫裤加厚款,黑色;140,2,runrungo,2023,冬,,159,
,111,杭州银泰线下门店,https://images.sursung.com/prod/icloud/10075491/20231227/23DF1770B3FD476C8D84496111A76A9F_s345881_h800_w800.jpg,R3410TR678,R3410TR6789915,可爽绒卫裤加厚款,黑色;150,2,runrungo,2023,冬,,159,
,111,杭州银泰线下门店,https://img.alicdn.com/bao/uploaded/i2/2536555896/O1CN01yzNSeE1tQPpDUFnUH_!!2536555896.jpg_30x30.jpg,R0310NT01,R0310NT010680,打底德绒套装,粉色;80,1,Runrungo,2022,秋,,119,
,111,杭州银泰线下门店,https://img.alicdn.com/bao/uploaded/i1/2536555896/O1CN013eZV5G1tQPpCr5CkK_!!2536555896.jpg_30x30.jpg,R0310NT01,R0310NT010711,打底德绒套装,紫色;110,1,Runrungo,2022,秋,,119,
,111,杭州银泰线下门店,https://img.alicdn.com/bao/uploaded/i1/2536555896/O1CN013eZV5G1tQPpCr5CkK_!!2536555896.jpg_30x30.jpg,R0310NT01,R0310NT010712,打底德绒套装,紫色;120,1,Runrungo,2022,秋,,119,
,111,杭州银泰线下门店,https://img.alicdn.com/bao/uploaded/i1/2536555896/O1CN013eZV5G1tQPpCr5CkK_!!2536555896.jpg_30x30.jpg,R0310NT01,R0310NT010715,打底德绒套装,紫色;150,1,Runrungo,2022,秋,,119,
,111,杭州银泰线下门店,https://img.alicdn.com/bao/uploaded/i1/2536555896/O1CN013eZV5G1tQPpCr5CkK_!!2536555896.jpg_30x30.jpg,R0310NT01,R0310NT010780,打底德绒套装,紫色;80,1,Runrungo,2022,秋,,119,
,111,杭州银泰线下门店,https://img.alicdn.com/bao/uploaded/i1/2536555896/O1CN013eZV5G1tQPpCr5CkK_!!2536555896.jpg_30x30.jpg,R0310NT01,R0310NT010790,打底德绒套装,紫色;90,1,Runrungo,2022,秋,,119,
,111,杭州银泰线下门店,https://img.alicdn.com/bao/uploaded/i4/2536555896/O1CN01YTkIIT1tQPpFHYTrf_!!2536555896.jpg_30x30.jpg,R0310NT01,R0310NT011310,打底德绒套装,黄色;100,1,Runrungo,2022,秋,,119,
,111,杭州银泰线下门店,https://img.alicdn.com/bao/uploaded/i4/2536555896/O1CN01YTkIIT1tQPpFHYTrf_!!2536555896.jpg_30x30.jpg,R0310NT01,R0310NT011311,打底德绒套装,黄色;110,1,Runrungo,2022,秋,,119,
,111,杭州银泰线下门店,https://img.alicdn.com/bao/uploaded/i4/2536555896/O1CN01YTkIIT1tQPpFHYTrf_!!2536555896.jpg_30x30.jpg,R0310NT01,R0310NT011312,打底德绒套装,黄色;120,1,Runrungo,2022,秋,,119,
,111,杭州银泰线下门店,https://img.alicdn.com/bao/uploaded/i4/2536555896/O1CN01YTkIIT1tQPpFHYTrf_!!2536555896.jpg_30x30.jpg,R0310NT01,R0310NT011314,打底德绒套装,黄色;140,1,Runrungo,2022,秋,,119,
,111,杭州银泰线下门店,https://img.alicdn.com/bao/uploaded/i4/2536555896/O1CN01YTkIIT1tQPpFHYTrf_!!2536555896.jpg_30x30.jpg,R0310NT01,R0310NT011380,打底德绒套装,黄色;80,1,Runrungo,2022,秋,,119,
,111,杭州银泰线下门店,https://img.alicdn.com/bao/uploaded/i4/2536555896/O1CN01WzDf7U1tQPpBdAfoo_!!2536555896.jpg_30x30.jpg,R0310NT01,R0310NT012211,打底德绒套装,卡其色;110,1,Runrungo,2022,秋,,119,
,111,杭州银泰线下门店,https://img.alicdn.com/bao/uploaded/i4/2536555896/O1CN01WzDf7U1tQPpBdAfoo_!!2536555896.jpg_30x30.jpg,R0310NT01,R0310NT012212,打底德绒套装,卡其色;120,1,Runrungo,2022,秋,,119,
,111,杭州银泰线下门店,https://img.alicdn.com/bao/uploaded/i4/2536555896/O1CN01WzDf7U1tQPpBdAfoo_!!2536555896.jpg_30x30.jpg,R0310NT01,R0310NT012214,打底德绒套装,卡其色;140,1,Runrungo,2022,秋,,119,
,111,杭州银泰线下门店,https://img.alicdn.com/bao/uploaded/i4/2536555896/O1CN01WzDf7U1tQPpBdAfoo_!!2536555896.jpg_30x30.jpg,R0310NT01,R0310NT012280,打底德绒套装,卡其色;80,1,Runrungo,2022,秋,,119,
,111,杭州银泰线下门店,https://img.alicdn.com/bao/uploaded/i4/2536555896/O1CN01WzDf7U1tQPpBdAfoo_!!2536555896.jpg_30x30.jpg,R0310NT01,R0310NT012290,打底德绒套装,卡其色;90,1,Runrungo,2022,秋,,119,
,111,杭州银泰线下门店,https://img.alicdn.com/bao/uploaded/i4/2536555896/O1CN01qoUAIc1tQPpY6FEkY_!!2536555896.jpg_30x30.jpg,R0310NT01,R0310NT012310,打底德绒套装,嫩粉色;100,1,Runrungo,2022,秋,,119,
,111,杭州银泰线下门店,https://img.alicdn.com/bao/uploaded/i4/2536555896/O1CN01qoUAIc1tQPpY6FEkY_!!2536555896.jpg_30x30.jpg,R0310NT01,R0310NT012311,打底德绒套装,嫩粉色;110,1,Runrungo,2022,秋,,119,
,111,杭州银泰线下门店,https://img.alicdn.com/bao/uploaded/i4/2536555896/O1CN01qoUAIc1tQPpY6FEkY_!!2536555896.jpg_30x30.jpg,R0310NT01,R0310NT012312,打底德绒套装,嫩粉色;120,1,Runrungo,2022,秋,,119,
,111,杭州银泰线下门店,https://img.alicdn.com/bao/uploaded/i4/2536555896/O1CN01qoUAIc1tQPpY6FEkY_!!2536555896.jpg_30x30.jpg,R0310NT01,R0310NT012313,打底德绒套装,嫩粉色;130,1,Runrungo,2022,秋,,119,
,111,杭州银泰线下门店,https://img.alicdn.com/bao/uploaded/i4/2536555896/O1CN01qoUAIc1tQPpY6FEkY_!!2536555896.jpg_30x30.jpg,R0310NT01,R0310NT012380,打底德绒套装,嫩粉色;80,1,Runrungo,2022,秋,,119,
,111,杭州银泰线下门店,https://img.alicdn.com/bao/uploaded/i4/2536555896/O1CN01GH9gKa1tQPpaYxCpv_!!2536555896.jpg_30x30.jpg,R0310NT01,R0310NT012411,打底德绒套装,绿色;110,1,Runrungo,2022,秋,,119,
,111,杭州银泰线下门店,https://img.alicdn.com/bao/uploaded/i4/2536555896/O1CN01GH9gKa1tQPpaYxCpv_!!2536555896.jpg_30x30.jpg,R0310NT01,R0310NT012412,打底德绒套装,绿色;120,1,Runrungo,2022,秋,,119,
,111,杭州银泰线下门店,https://img.alicdn.com/bao/uploaded/i4/2536555896/O1CN01GH9gKa1tQPpaYxCpv_!!2536555896.jpg_30x30.jpg,R0310NT01,R0310NT012413,打底德绒套装,绿色;130,1,Runrungo,2022,秋,,119,
,111,杭州银泰线下门店,https://img.alicdn.com/bao/uploaded/i4/2536555896/O1CN01GH9gKa1tQPpaYxCpv_!!2536555896.jpg_30x30.jpg,R0310NT01,R0310NT012414,打底德绒套装,绿色;140,1,Runrungo,2022,秋,,119,
,111,杭州银泰线下门店,https://img.alicdn.com/bao/uploaded/i4/2536555896/O1CN01GH9gKa1tQPpaYxCpv_!!2536555896.jpg_30x30.jpg,R0310NT01,R0310NT012480,打底德绒套装,绿色;80,1,Runrungo,2022,秋,,119,
,111,杭州银泰线下门店,https://img.alicdn.com/bao/uploaded/i4/2536555896/O1CN01GH9gKa1tQPpaYxCpv_!!2536555896.jpg_30x30.jpg,R0310NT01,R0310NT012490,打底德绒套装,绿色;90,1,Runrungo,2022,秋,,119,
,111,杭州银泰线下门店,https://img.alicdn.com/bao/uploaded/i1/2536555896/O1CN016dVIIQ1tQPpYY0dFX_!!2536555896.jpg_30x30.jpg,R0310NT01,R0310NT012511,打底德绒套装,蓝色;110,1,Runrungo,2022,秋,,119,
,111,杭州银泰线下门店,https://img.alicdn.com/bao/uploaded/i1/2536555896/O1CN016dVIIQ1tQPpYY0dFX_!!2536555896.jpg_30x30.jpg,R0310NT01,R0310NT012512,打底德绒套装,蓝色;120,1,Runrungo,2022,秋,,119,
,111,杭州银泰线下门店,https://img.alicdn.com/bao/uploaded/i1/2536555896/O1CN016dVIIQ1tQPpYY0dFX_!!2536555896.jpg_30x30.jpg,R0310NT01,R0310NT012513,打底德绒套装,蓝色;130,1,Runrungo,2022,秋,,119,
,111,杭州银泰线下门店,https://img.alicdn.com/bao/uploaded/i1/2536555896/O1CN016dVIIQ1tQPpYY0dFX_!!2536555896.jpg_30x30.jpg,R0310NT01,R0310NT012514,打底德绒套装,蓝色;140,1,Runrungo,2022,秋,,119,
,111,杭州银泰线下门店,https://img.alicdn.com/bao/uploaded/i1/2536555896/O1CN016dVIIQ1tQPpYY0dFX_!!2536555896.jpg_30x30.jpg,R0310NT01,R0310NT012580,打底德绒套装,蓝色;80,1,Runrungo,2022,秋,,119,
,111,杭州银泰线下门店,https://img.alicdn.com/bao/uploaded/i1/2536555896/O1CN016dVIIQ1tQPpYY0dFX_!!2536555896.jpg_30x30.jpg,R0310NT01,R0310NT012590,打底德绒套装,蓝色;90,1,Runrungo,2022,秋,,119,
,111,杭州银泰线下门店,https://img.alicdn.com/bao/uploaded/i3/2536555896/O1CN01OPmrhO1tQPrAgzTqn_!!2536555896.png_30x30.jpg,R0310NT01,R0310NT012710,打底德绒套装,红色;100,1,Runrungo,2022,秋,,119,
,111,杭州银泰线下门店,https://img.alicdn.com/bao/uploaded/i3/2536555896/O1CN01OPmrhO1tQPrAgzTqn_!!2536555896.png_30x30.jpg,R0310NT01,R0310NT012711,打底德绒套装,红色;110,1,Runrungo,2022,秋,,119,
,111,杭州银泰线下门店,https://img.alicdn.com/bao/uploaded/i3/2536555896/O1CN01OPmrhO1tQPrAgzTqn_!!2536555896.png_30x30.jpg,R0310NT01,R0310NT012712,打底德绒套装,红色;120,1,Runrungo,2022,秋,,119,
,111,杭州银泰线下门店,https://img.alicdn.com/bao/uploaded/i3/2536555896/O1CN01OPmrhO1tQPrAgzTqn_!!2536555896.png_30x30.jpg,R0310NT01,R0310NT012713,打底德绒套装,红色;130,1,Runrungo,2022,秋,,119,
,111,杭州银泰线下门店,https://img.alicdn.com/bao/uploaded/i3/2536555896/O1CN01OPmrhO1tQPrAgzTqn_!!2536555896.png_30x30.jpg,R0310NT01,R0310NT012714,打底德绒套装,红色;140,1,Runrungo,2022,秋,,119,
,111,杭州银泰线下门店,https://img.alicdn.com/bao/uploaded/i3/2536555896/O1CN01OPmrhO1tQPrAgzTqn_!!2536555896.png_30x30.jpg,R0310NT01,R0310NT012780,打底德绒套装,红色;80,1,Runrungo,2022,秋,,119,
,111,杭州银泰线下门店,https://img.alicdn.com/bao/uploaded/i3/2536555896/O1CN01OPmrhO1tQPrAgzTqn_!!2536555896.png_30x30.jpg,R0310NT01,R0310NT012790,打底德绒套装,红色;90,1,Runrungo,2022,秋,,119,
,111,杭州银泰线下门店,,R0310NT01,R0310NT015210,打底德绒套装,黑色;100,1,runrungo,2022,秋,,119,
,111,杭州银泰线下门店,,R0310NT01,R0310NT015212,打底德绒套装,黑色;120,1,runrungo,2022,秋,,119,
,111,杭州银泰线下门店,,R0310NT01,R0310NT015213,打底德绒套装,黑色;130,1,runrungo,2022,秋,,119,
,111,杭州银泰线下门店,,R0310NT01,R0310NT015214,打底德绒套装,黑色;140,1,runrungo,2022,秋,,119,
,111,杭州银泰线下门店,,R0310NT01,R0310NT015290,打底德绒套装,黑色;90,1,runrungo,2022,秋,,119,
,111,杭州银泰线下门店,,R0310NT01,R0310NT015810,打底德绒套装,浅灰色;100,1,runrungo,2022,秋,,119,
,111,杭州银泰线下门店,,R0310NT01,R0310NT015811,打底德绒套装,浅灰色;110,1,runrungo,2022,秋,,119,
,111,杭州银泰线下门店,,R0310NT01,R0310NT015812,打底德绒套装,浅灰色;120,1,runrungo,2022,秋,,119,
,111,杭州银泰线下门店,,R0310NT01,R0310NT015813,打底德绒套装,浅灰色;130,1,runrungo,2022,秋,,119,
,111,杭州银泰线下门店,,R0310NT01,R0310NT016010,打底德绒套装,淡绿色;100,1,runrungo,2022,秋,,119,
,111,杭州银泰线下门店,,R0310NT01,R0310NT016011,打底德绒套装,淡绿色;110,1,runrungo,2022,秋,,119,
,111,杭州银泰线下门店,,R0310NT01,R0310NT016012,打底德绒套装,淡绿色;120,1,runrungo,2022,秋,,119,
,111,杭州银泰线下门店,,R0310NT01,R0310NT016013,打底德绒套装,淡绿色;130,1,runrungo,2022,秋,,119,
,111,杭州银泰线下门店,,R0310NT01,R0310NT016014,打底德绒套装,淡绿色;140,1,runrungo,2022,秋,,119,
,111,杭州银泰线下门店,,R0310NT01,R0310NT016090,打底德绒套装,淡绿色;90,1,runrungo,2022,秋,,119,
,111,杭州银泰线下门店,,R0310NT01,R0310NT016110,打底德绒套装,熟褐色;100,1,runrungo,2022,秋,,119,
,111,杭州银泰线下门店,,R0310NT01,R0310NT016111,打底德绒套装,熟褐色;110,1,runrungo,2022,秋,,119,
,111,杭州银泰线下门店,,R0310NT01,R0310NT016112,打底德绒套装,熟褐色;120,1,runrungo,2022,秋,,119,
,111,杭州银泰线下门店,,R0310NT01,R0310NT016113,打底德绒套装,熟褐色;130,1,runrungo,2022,秋,,119,
,111,杭州银泰线下门店,,R0310NT01,R0310NT016310,打底德绒套装,香芋紫色;100,1,runrungo,2022,秋,,119,
,111,杭州银泰线下门店,,R0310NT01,R0310NT016311,打底德绒套装,香芋紫色;110,1,runrungo,2022,秋,,119,
,111,杭州银泰线下门店,,R0310NT01,R0310NT016312,打底德绒套装,香芋紫色;120,1,runrungo,2022,秋,,119,
,111,杭州银泰线下门店,,R0310NT01,R0310NT016313,打底德绒套装,香芋紫色;130,1,runrungo,2022,秋,,119,
,111,杭州银泰线下门店,,R0310NT01,R0310NT016510,打底德绒套装,奶黄色;100,1,runrungo,2022,秋,,119,
,111,杭州银泰线下门店,,R0310NT01,R0310NT016511,打底德绒套装,奶黄色;110,1,runrungo,2022,秋,,119,
,111,杭州银泰线下门店,,R0310NT01,R0310NT016512,打底德绒套装,奶黄色;120,1,runrungo,2022,秋,,119,
,111,杭州银泰线下门店,,R0310NT01,R0310NT016513,打底德绒套装,奶黄色;130,1,runrungo,2022,秋,,119,
,111,杭州银泰线下门店,,R0310NT01,R0310NT016610,打底德绒套装,浅咖色;100,1,runrungo,2022,秋,,119,
,111,杭州银泰线下门店,,R0310NT01,R0310NT016611,打底德绒套装,浅咖色;110,1,runrungo,2022,秋,,119,
,111,杭州银泰线下门店,,R0310NT01,R0310NT016612,打底德绒套装,浅咖色;120,1,runrungo,2022,秋,,119,
,111,杭州银泰线下门店,,R0310NT01,R0310NT016613,打底德绒套装,浅咖色;130,1,runrungo,2022,秋,,119,
,111,杭州银泰线下门店,https://img.alicdn.com/bao/uploaded/i1/2536555896/O1CN01Ct7QKO1tQPq3zU770_!!2536555896.jpg_30x30.jpg,R0410MK02,R0410MK020211,加绒外穿打底棉裤,黑色;110,1,Runrungo,,,,139,
,111,杭州银泰线下门店,https://img.alicdn.com/bao/uploaded/i1/2536555896/O1CN01Ct7QKO1tQPq3zU770_!!2536555896.jpg_30x30.jpg,R0410MK02,R0410MK020212,加绒外穿打底棉裤,黑色;120,1,Runrungo,,,,139,
,111,杭州银泰线下门店,https://img.alicdn.com/bao/uploaded/i1/2536555896/O1CN01Ct7QKO1tQPq3zU770_!!2536555896.jpg_30x30.jpg,R0410MK02,R0410MK020213,加绒外穿打底棉裤,黑色;130,1,Runrungo,,,,139,
,111,杭州银泰线下门店,,R0410MK02,R0410MK020215,加绒外穿打底棉裤,黑色;150,1,Runrungo,,,,139,
,111,杭州银泰线下门店,https://img.alicdn.com/bao/uploaded/i2/2536555896/O1CN01ot9X5B1tQPqnVzU01_!!2536555896.jpg_30x30.jpg,R0410MK02,R0410MK020512,加绒外穿打底棉裤,灰色;120,1,Runrungo,,,,139,
,111,杭州银泰线下门店,https://img.alicdn.com/bao/uploaded/i2/2536555896/O1CN01T3cvoN1tQPpxcc2pK_!!2536555896.jpg_30x30.jpg,R0410MK02,R0410MK020913,加绒外穿打底棉裤,蓝色;130,1,Runrungo,,,,139,
,111,杭州银泰线下门店,https://img.alicdn.com/bao/uploaded/i1/2536555896/O1CN01mU6LlV1tQPq5VPlBB_!!2536555896.jpg_30x30.jpg,R0410MK02,R0410MK021311,加绒外穿打底棉裤,黄色;110,1,Runrungo,,,,139,
,111,杭州银泰线下门店,https://img.alicdn.com/bao/uploaded/i1/2536555896/O1CN01mU6LlV1tQPq5VPlBB_!!2536555896.jpg_30x30.jpg,R0410MK02,R0410MK021313,加绒外穿打底棉裤,黄色;130,1,Runrungo,,,,139,
,111,杭州银泰线下门店,https://img.alicdn.com/bao/uploaded/i1/2536555896/O1CN01pyfion1tQPqo8Aw9C_!!2536555896.jpg_30x30.jpg,R0410MK02,R0410MK022112,加绒外穿打底棉裤,红色;120,1,Runrungo,,,,139,
,111,杭州银泰线下门店,https://img.alicdn.com/bao/uploaded/i1/2536555896/O1CN01pyfion1tQPqo8Aw9C_!!2536555896.jpg_30x30.jpg,R0410MK02,R0410MK022190,加绒外穿打底棉裤,红色;90,1,Runrungo,,,,139,
,111,杭州银泰线下门店,https://img.alicdn.com/bao/uploaded/i4/2536555896/O1CN01WAzTl31tQPq0mTOsm_!!2536555896.jpg_30x30.jpg,R0410MK02,R0410MK022211,加绒外穿打底棉裤,米色;110,1,Runrungo,,,,139,
,111,杭州银泰线下门店,https://img.alicdn.com/bao/uploaded/i4/2536555896/O1CN01WAzTl31tQPq0mTOsm_!!2536555896.jpg_30x30.jpg,R0410MK02,R0410MK022212,加绒外穿打底棉裤,米色;120,1,Runrungo,,,,139,
,111,杭州银泰线下门店,https://img.alicdn.com/bao/uploaded/i4/2536555896/O1CN01WAzTl31tQPq0mTOsm_!!2536555896.jpg_30x30.jpg,R0410MK02,R0410MK022213,加绒外穿打底棉裤,米色;130,1,Runrungo,,,,139,
,111,杭州银泰线下门店,,R0310NT01,R0410NT010610,打底德绒套装,粉色;100,1,Runrungo,2022,秋,,119,
,111,杭州银泰线下门店,,R0310NT01,R0410NT010611,打底德绒套装,粉色;110,1,Runrungo,2022,秋,,119,
,111,杭州银泰线下门店,,R0310NT01,R0410NT010612,打底德绒套装,粉色;120,1,Runrungo,2022,秋,,119,
,111,杭州银泰线下门店,,R0310NT01,R0410NT010690,打底德绒套装,粉色;90,1,Runrungo,2022,秋,,119,
,111,杭州银泰线下门店,,R0310NT01,R0410NT010812,打底德绒套装,绿色;120,1,Runrungo,2022,秋,,119,
,111,杭州银泰线下门店,,R0310NT01,R0410NT010814,打底德绒套装,绿色;140,1,Runrungo,2022,秋,,119,
,111,杭州银泰线下门店,,R0310NT01,R0410NT010815,打底德绒套装,绿色;150,1,Runrungo,2022,秋,,119,
,111,杭州银泰线下门店,,R0310NT01,R0410NT010911,打底德绒套装,蓝色;110,1,Runrungo,2022,秋,,119,
,111,杭州银泰线下门店,,R0310NT01,R0410NT010912,打底德绒套装,蓝色;120,1,Runrungo,2022,秋,,119,
,111,杭州银泰线下门店,https://img.alicdn.com/bao/uploaded/i3/2536555896/O1CN0177IXXG1tQPqU3ZNVP_!!2536555896.jpg_30x30.jpg,R0410YR04,R0410YR040680,印花羽绒内胆,粉色;80,1,Runrungo,2020,冬,,189,
,111,杭州银泰线下门店,https://img.alicdn.com/bao/uploaded/i3/2206571779634/O1CN018Wdb1k2L2QL8aqRzn_!!2206571779634.jpg_30x30.jpg,R0410YR04,R0410YR040780,印花羽绒内胆,紫色;80,1,Runrungo,2020,冬,,189,
,111,杭州银泰线下门店,https://img.alicdn.com/bao/uploaded/i3/2536555896/O1CN01wGllq01tQPqO9nVv4_!!2536555896.jpg_30x30.jpg,R0410YR04,R0410YR040880,印花羽绒内胆,绿色;80,1,Runrungo,2020,冬,,189,
,111,杭州银泰线下门店,https://img.alicdn.com/bao/uploaded/i2/2206571779634/O1CN01UN2K432L2QLCmhaw3_!!2206571779634.jpg_30x30.jpg,R0410YR04,R0410YR041380,印花羽绒内胆,亮黄星;80,1,Runrungo,2020,冬,,189,
,111,杭州银泰线下门店,https://img.alicdn.com/bao/uploaded/i4/2206571779634/O1CN01NOxrm32L2QKzeFkbO_!!2206571779634.jpg_30x30.jpg,R0410YR04,R0410YR042780,印花羽绒内胆,粉白;80,1,Runrungo,2020,冬,,189,
,111,杭州银泰线下门店,https://img.alicdn.com/bao/uploaded/i1/2206571779634/O1CN0139qtvv2L2QL82ocN5_!!2206571779634.jpg_30x30.jpg,R0410YR04,R0410YR043180,印花羽绒内胆,橙色星;80,1,Runrungo,2020,冬,,189,
,111,杭州银泰线下门店,,R0412YR21,R0412YR210310,立领净色羽绒服,黑色;100,1,runrungo,2021,冬,,489,
,111,杭州银泰线下门店,,R0412YR21,R0412YR210311,立领净色羽绒服,黑色;110,1,runrungo,2021,冬,,489,
,111,杭州银泰线下门店,,R0412YR21,R0412YR210312,立领净色羽绒服,黑色;120,1,runrungo,2021,冬,,489,
,111,杭州银泰线下门店,,R0412YR21,R0412YR210313,立领净色羽绒服,黑色;130,1,runrungo,2021,冬,,489,
,111,杭州银泰线下门店,,R0412YR21,R0412YR212210,立领净色羽绒服,米色;100,1,runrungo,2021,冬,,489,
,111,杭州银泰线下门店,,R0412YR21,R0412YR212211,立领净色羽绒服,米色;110,1,runrungo,2021,冬,,489,
,111,杭州银泰线下门店,,R0412YR21,R0412YR212212,立领净色羽绒服,米色;120,1,runrungo,2021,冬,,489,
,111,杭州银泰线下门店,,R0412YR21,R0412YR212213,立领净色羽绒服,米色;130,1,runrungo,2021,冬,,489,
,111,杭州银泰线下门店,,R0414YR21,R0414YR2101S,立领净色羽绒服（泡芙羽绒服）成人款,咖色;S,1,Runrungo,2021,冬,,"1,199.00",
,111,杭州银泰线下门店,,R0414YR21,R0414YR2102M,立领净色羽绒服（泡芙羽绒服）成人款,白色;M,1,Runrungo,2021,冬,,"1,199.00",
,111,杭州银泰线下门店,,R0414YR21,R0414YR2102S,立领净色羽绒服（泡芙羽绒服）成人款,白色;S,1,Runrungo,2021,冬,,"1,199.00",
,111,杭州银泰线下门店,,R1410KZ54,R1410KZ540210,笑脸加绒裤,高级灰;100,1,Runrungo,,,,129,
,111,杭州银泰线下门店,,R1410KZ54,R1410KZ540211,笑脸加绒裤,高级灰;110,1,Runrungo,,,,129,
,111,杭州银泰线下门店,,R1410KZ54,R1410KZ540212,笑脸加绒裤,高级灰;120,1,Runrungo,,,,129,
,111,杭州银泰线下门店,,R1410KZ54,R1410KZ540213,笑脸加绒裤,高级灰;130,1,Runrungo,,,,129,
,111,杭州银泰线下门店,,R1410KZ54,R1410KZ540280,笑脸加绒裤,高级灰;80,1,Runrungo,,,,129,
,111,杭州银泰线下门店,,R1410KZ54,R1410KZ540290,笑脸加绒裤,高级灰;90,1,Runrungo,,,,129,
,111,杭州银泰线下门店,,R1410KZ54,R1410KZ540310,笑脸加绒裤,黑色;100,1,Runrungo,,,,129,
,111,杭州银泰线下门店,,R1410KZ54,R1410KZ540311,笑脸加绒裤,黑色;110,1,Runrungo,,,,129,
,111,杭州银泰线下门店,,R1410KZ54,R1410KZ540380,笑脸加绒裤,黑色;80,1,Runrungo,,,,129,
,111,杭州银泰线下门店,,R1410KZ54,R1410KZ540390,笑脸加绒裤,黑色;90,1,Runrungo,,,,129,
,111,杭州银泰线下门店,,R1410KZ54,R1410KZ540910,笑脸加绒裤,黛绿;100,1,Runrungo,,,,129,
,111,杭州银泰线下门店,,R1410KZ54,R1410KZ540911,笑脸加绒裤,黛绿;110,1,Runrungo,,,,129,
,111,杭州银泰线下门店,,R1410KZ54,R1410KZ540913,笑脸加绒裤,黛绿;130,1,Runrungo,,,,129,
,111,杭州银泰线下门店,,R1410KZ54,R1410KZ540980,笑脸加绒裤,黛绿;80,1,Runrungo,,,,129,
,111,杭州银泰线下门店,,R1410KZ54,R1410KZ540990,笑脸加绒裤,黛绿;90,1,Runrungo,,,,129,
,111,杭州银泰线下门店,,R1410KZ54,R1410KZ541280,笑脸加绒裤,昏黄;80,1,Runrungo,,,,129,
,111,杭州银泰线下门店,,R1410YR04,R1410YR040610,樱桃羽绒服,粉色;100,1,Runrungo,2021,冬,,269,
,111,杭州银泰线下门店,,R1410YR04,R1410YR040611,樱桃羽绒服,粉色;110,1,Runrungo,2021,冬,,269,
,111,杭州银泰线下门店,,R1410YR04,R1410YR040680,樱桃羽绒服,粉色;80,1,Runrungo,2021,冬,,269,
,111,杭州银泰线下门店,,R1410YR04,R1410YR040690,樱桃羽绒服,粉色;90,1,Runrungo,2021,冬,,269,
,111,杭州银泰线下门店,,R1410YR04,R1410YR040910,樱桃羽绒服,蓝色;100,1,Runrungo,2021,冬,,269,
,111,杭州银泰线下门店,,R1410YR04,R1410YR040980,樱桃羽绒服,蓝色;80,1,Runrungo,2021,冬,,269,
,111,杭州银泰线下门店,,R1410YR04,R1410YR040990,樱桃羽绒服,蓝色;90,1,Runrungo,2021,冬,,269,
,111,杭州银泰线下门店,,R1410YR04,R1410YR041310,樱桃羽绒服,黄色;100,1,Runrungo,2021,冬,,269,
,111,杭州银泰线下门店,,R1410YR04,R1410YR041311,樱桃羽绒服,黄色;110,1,Runrungo,2021,冬,,269,
,111,杭州银泰线下门店,,R1410YR04,R1410YR041380,樱桃羽绒服,黄色;80,1,Runrungo,2021,冬,,269,
,111,杭州银泰线下门店,,R1410YR04,R1410YR041390,樱桃羽绒服,黄色;90,1,Runrungo,2021,冬,,269,
,111,杭州银泰线下门店,,R1410YR04,R1410YR042210,樱桃羽绒服,米色;100,1,Runrungo,2021,冬,,269,
,111,杭州银泰线下门店,,R1410YR04,R1410YR042280,樱桃羽绒服,米色;80,1,Runrungo,2021,冬,,269,
,111,杭州银泰线下门店,,R1410YR09,R1410YR092212,3M棉虎年小棉服,米色满印;120,1,Runrungo,2021,冬,,399,
,111,杭州银泰线下门店,https://images.sursung.com/dis/dis/46A29332C1CC4A2693DE85676B7B2965_s157650_h374_w380.png,R2310DJ274,R2310DJ2749910,假两件羽绒服,黑色;100,1,runrungo,2022,秋,,419,
,111,杭州银泰线下门店,,R2310KZ222,R2310KZ2221210,跑跑绒绒裤,深咖色;100,1,runrungo,2022,冬,,129,
,111,杭州银泰线下门店,,R2310KZ222,R2310KZ2221211,跑跑绒绒裤,深咖色;110,1,runrungo,2022,冬,,129,
,111,杭州银泰线下门店,,R2310KZ222,R2310KZ2221410,跑跑绒绒裤,米咖色;100,1,runrungo,2022,冬,,129,
,111,杭州银泰线下门店,,R2310KZ222,R2310KZ2221411,跑跑绒绒裤,米咖色;110,1,runrungo,2022,冬,,129,
,111,杭州银泰线下门店,,R2310KZ222,R2310KZ2221413,跑跑绒绒裤,米咖色;130,1,runrungo,2022,冬,,129,
,111,杭州银泰线下门店,,R2310KZ222,R2310KZ2221710,跑跑绒绒裤,绿色;100,1,runrungo,2022,冬,,129,
,111,杭州银泰线下门店,,R2310KZ222,R2310KZ2221711,跑跑绒绒裤,绿色;110,1,runrungo,2022,冬,,129,
,111,杭州银泰线下门店,,R2310KZ222,R2310KZ2221712,跑跑绒绒裤,绿色;120,1,runrungo,2022,冬,,129,
,111,杭州银泰线下门店,,R2310KZ222,R2310KZ2221713,跑跑绒绒裤,绿色;130,1,runrungo,2022,冬,,129,
,111,杭州银泰线下门店,,R2310KZ222,R2310KZ2221714,跑跑绒绒裤,绿色;140,1,runrungo,2022,冬,,129,
,111,杭州银泰线下门店,,R2310KZ222,R2310KZ2221715,跑跑绒绒裤,绿色;150,1,runrungo,2022,冬,,129,
,111,杭州银泰线下门店,,R2310KZ222,R2310KZ2222812,跑跑绒绒裤,灰色;120,1,runrungo,2022,冬,,129,
,111,杭州银泰线下门店,,R2310KZ222,R2310KZ2223814,跑跑绒绒裤,粉色;140,1,runrungo,2022,冬,,129,
,111,杭州银泰线下门店,,R2310KZ222,R2310KZ2223815,跑跑绒绒裤,粉色;150,1,runrungo,2022,冬,,129,
,111,杭州银泰线下门店,,R2410DJ280,R2410DJ2809015,中童宽松休闲立领羽绒服,米灰色;150,1,runrungo,2022,冬,,369,
,111,杭州银泰线下门店,,R2410DJ280,R2410DJ2809911,中童宽松休闲立领羽绒服,黑色;110,1,runrungo,2022,冬,,369,
,111,杭州银泰线下门店,,R2410DJ280,R2410DJ2809912,中童宽松休闲立领羽绒服,黑色;120,1,runrungo,2022,冬,,369,
,111,杭州银泰线下门店,,R2410DJ296,R2410DJ2965090,条纹连帽加厚棉服,绿色;90,1,runrungo,2022,冬,,339,
,111,杭州银泰线下门店,,R2410DJ296,R2410DJ2967011,条纹连帽加厚棉服,蓝色;110,1,runrungo,2022,冬,,339,
,111,杭州银泰线下门店,,R2410DJ296,R2410DJ2967013,条纹连帽加厚棉服,蓝色;130,1,runrungo,2022,冬,,339,
,111,杭州银泰线下门店,,R2410DJ296,R2410DJ2967090,条纹连帽加厚棉服,蓝色;90,1,runrungo,2022,冬,,339,
,111,杭州银泰线下门店,,R2410DJ312,R2410DJ3120113,加厚围脖面包服,米色;130,1,runrungo,2022,冬,,689,
,111,杭州银泰线下门店,,R2410DJ312,R2410DJ3120114,加厚围脖面包服,米色;140,1,runrungo,2022,冬,,689,
,111,杭州银泰线下门店,,R2410DJ312,R2410DJ3120115,加厚围脖面包服,米色;150,1,runrungo,2022,冬,,689,
,111,杭州银泰线下门店,,R2410DJ312,R2410DJ3127013,加厚围脖面包服,蓝色;130,1,runrungo,2022,冬,,689,
,111,杭州银泰线下门店,,R2410FS358,R2410FS3589911,格子居家服,黑色;110,1,runrungo,2022,冬,,359,
,111,杭州银泰线下门店,,R2410FS358,R2410FS3589912,格子居家服,黑色;120,1,runrungo,2022,冬,,359,
,111,杭州银泰线下门店,,R2410FS358,R2410FS3589913,格子居家服,黑色;130,1,runrungo,2022,冬,,359,
,111,杭州银泰线下门店,,R2410FS358,R2410FS3589914,格子居家服,黑色;140,1,runrungo,2022,冬,,359,
,111,杭州银泰线下门店,,R2410FS358,R2410FS3589915,格子居家服,黑色;150,1,runrungo,2022,冬,,359,
,111,杭州银泰线下门店,,R2410FS358,R2410FS3589916,格子居家服,黑色;160,1,runrungo,2022,冬,,359,
,111,杭州银泰线下门店,,R2410FS369,R2410FS3690010,小萝卜家居服,白色;100,1,runrungo,2022,冬,,189,
,111,杭州银泰线下门店,,R2410FS369,R2410FS3690011,小萝卜家居服,白色;110,1,runrungo,2022,冬,,189,
,111,杭州银泰线下门店,,R2410FS369,R2410FS3690012,小萝卜家居服,白色;120,1,runrungo,2022,冬,,189,
,111,杭州银泰线下门店,,R2410FS369,R2410FS3690013,小萝卜家居服,白色;130,1,runrungo,2022,冬,,189,
,111,杭州银泰线下门店,,R2410FS369,R2410FS3690014,小萝卜家居服,白色;140,1,runrungo,2022,冬,,189,
,111,杭州银泰线下门店,,R2410FS369,R2410FS3690015,小萝卜家居服,白色;150,1,runrungo,2022,冬,,189,
,111,杭州银泰线下门店,,R2410FS369,R2410FS3690210,小萝卜家居服,粉色;100,1,runrungo,2022,冬,,189,
,111,杭州银泰线下门店,,R2410FS369,R2410FS3690211,小萝卜家居服,粉色;110,1,runrungo,2022,冬,,189,
,111,杭州银泰线下门店,,R2410FS369,R2410FS3690214,小萝卜家居服,粉色;140,1,runrungo,2022,冬,,189,
,111,杭州银泰线下门店,,R2410FS369,R2410FS3690215,小萝卜家居服,粉色;150,1,runrungo,2022,冬,,189,
,111,杭州银泰线下门店,,R2410FS370,R2410FS3700110,水蜜桃家居服,米色;100,1,runrungo,2022,冬,,279,
,111,杭州银泰线下门店,,R2410FS370,R2410FS3700111,水蜜桃家居服,米色;110,1,runrungo,2022,冬,,279,
,111,杭州银泰线下门店,,R2410FS370,R2410FS3700112,水蜜桃家居服,米色;120,1,runrungo,2022,冬,,279,
,111,杭州银泰线下门店,,R2410FS370,R2410FS3700113,水蜜桃家居服,米色;130,1,runrungo,2022,冬,,279,
,111,杭州银泰线下门店,,R2410FS370,R2410FS3700115,水蜜桃家居服,米色;150,1,runrungo,2022,冬,,279,
,111,杭州银泰线下门店,,R2410FS371,R2410FS3710211,粉皇冠家居服,粉色;110,1,runrungo,2022,冬,,279,
,111,杭州银泰线下门店,,R2410FS371,R2410FS3710214,粉皇冠家居服,粉色;140,1,runrungo,2022,冬,,279,
,111,杭州银泰线下门店,,R2410FS371,R2410FS3710215,粉皇冠家居服,粉色;150,1,runrungo,2022,冬,,279,
,111,杭州银泰线下门店,,R2410FS372,R2410FS3729614,杏色小恐龙家居服,杏色;140,1,runrungo,2022,冬,,249,
,111,杭州银泰线下门店,,R2410FS373,R2410FS3731113,卡其小熊家居服,卡其色;130,1,runrungo,2022,冬,,289,
,111,杭州银泰线下门店,,R2410FS373,R2410FS3731114,卡其小熊家居服,卡其色;140,1,runrungo,2022,冬,,289,
,111,杭州银泰线下门店,,R2410JC281,R2410JC2812512,两色冲锋衣,红色;120,1,runrungo,2022,冬,,369,
,111,杭州银泰线下门店,,R2410JC281,R2410JC2812513,两色冲锋衣,红色;130,1,runrungo,2022,冬,,369,
,111,杭州银泰线下门店,,R2410JC281,R2410JC2812514,两色冲锋衣,红色;140,1,runrungo,2022,冬,,369,
,111,杭州银泰线下门店,,R2410JC281,R2410JC2812515,两色冲锋衣,红色;150,1,runrungo,2022,冬,,369,
,111,杭州银泰线下门店,,R2410JC281,R2410JC2817012,两色冲锋衣,蓝色;120,1,runrungo,2022,冬,,369,
,111,杭州银泰线下门店,,R2410JC318,R2410JC3180213,粉色四线格棉衣,粉色;130,1,runrungo,2022,冬,,299,
,111,杭州银泰线下门店,,R2410JC356,R2410JC3569911,复古刺绣牛仔外套,黑色;110,1,runrungo,2022,冬,,229,
,111,杭州银泰线下门店,,R2410JC356,R2410JC3569912,复古刺绣牛仔外套,黑色;120,1,runrungo,2022,冬,,229,
,111,杭州银泰线下门店,,R2410JC356,R2410JC3569913,复古刺绣牛仔外套,黑色;130,1,runrungo,2022,冬,,229,
,111,杭州银泰线下门店,,R2410JC356,R2410JC3569914,复古刺绣牛仔外套,黑色;140,1,runrungo,2022,冬,,229,
,111,杭州银泰线下门店,,R2410JC356,R2410JC3569915,复古刺绣牛仔外套,黑色;150,1,runrungo,2022,冬,,229,
,111,杭州银泰线下门店,,R2410JC356,R2410JC3569916,复古刺绣牛仔外套,黑色;160,1,runrungo,2022,冬,,229,
,111,杭州银泰线下门店,,R2410JC357,R2410JC3579912,斜条纹牛仔外套,黑色;120,1,runrungo,2022,冬,,209,
,111,杭州银泰线下门店,,R2410JC357,R2410JC3579914,斜条纹牛仔外套,黑色;140,1,runrungo,2022,冬,,209,
,111,杭州银泰线下门店,,R2410JS303,R2410JS3037015,收脚口加绒牛仔裤,蓝色;150,1,runrungo,2022,冬,,249,
,111,杭州银泰线下门店,,R2410JS303,R2410JS3039910,收脚口加绒牛仔裤,黑色;100,1,runrungo,2022,冬,,249,
,111,杭州银泰线下门店,,R2410JS305,R2410JS3057017,渐变加绒牛仔裤,蓝色;170,1,runrungo,2022,冬,,269,
,111,杭州银泰线下门店,,R2410JS305,R2410JS3059913,渐变加绒牛仔裤,黑色;130,1,runrungo,2022,冬,,269,
,111,杭州银泰线下门店,,R2410JS305,R2410JS3059915,渐变加绒牛仔裤,黑色;150,1,runrungo,2022,冬,,269,
,111,杭州银泰线下门店,,R2410JS305,R2410JS3059916,渐变加绒牛仔裤,黑色;160,1,runrungo,2022,冬,,269,
,111,杭州银泰线下门店,,R2410JS367,R2410JS3679511,棉羊毛复合喇叭裤,深灰色;110,1,runrungo,2022,冬,,189,
,111,杭州银泰线下门店,,R2410JS367,R2410JS3679512,棉羊毛复合喇叭裤,深灰色;120,1,runrungo,2022,冬,,189,
,111,杭州银泰线下门店,,R2410JS367,R2410JS3679514,棉羊毛复合喇叭裤,深灰色;140,1,runrungo,2022,冬,,189,
,111,杭州银泰线下门店,,R2410JS367,R2410JS3679911,棉羊毛复合喇叭裤,黑色;110,1,runrungo,2022,冬,,189,
,111,杭州银泰线下门店,,R2410JS367,R2410JS3679912,棉羊毛复合喇叭裤,黑色;120,1,runrungo,2022,冬,,189,
,111,杭州银泰线下门店,,R2410JS367,R2410JS3679914,棉羊毛复合喇叭裤,黑色;140,1,runrungo,2022,冬,,189,
,111,杭州银泰线下门店,,R2410JS367,R2410JS3679915,棉羊毛复合喇叭裤,黑色;150,1,runrungo,2022,冬,,189,
,111,杭州银泰线下门店,,R2410JS368,R2410JS3680911,棉羊毛复合打底裤,浅灰色;110,1,runrungo,2022,冬,,179,
,111,杭州银泰线下门店,,R2410JS368,R2410JS3680912,棉羊毛复合打底裤,浅灰色;120,1,runrungo,2022,冬,,179,
,111,杭州银泰线下门店,,R2410JS368,R2410JS3680913,棉羊毛复合打底裤,浅灰色;130,1,runrungo,2022,冬,,179,
,111,杭州银泰线下门店,,R2410JS368,R2410JS3680914,棉羊毛复合打底裤,浅灰色;140,1,runrungo,2022,冬,,179,
,111,杭州银泰线下门店,,R2410JS368,R2410JS3689511,棉羊毛复合打底裤,深灰色;110,1,runrungo,2022,冬,,179,
,111,杭州银泰线下门店,,R2410JS368,R2410JS3689512,棉羊毛复合打底裤,深灰色;120,1,runrungo,2022,冬,,179,
,111,杭州银泰线下门店,,R2410JS368,R2410JS3689513,棉羊毛复合打底裤,深灰色;130,1,runrungo,2022,冬,,179,
,111,杭州银泰线下门店,,R2410JS368,R2410JS3689514,棉羊毛复合打底裤,深灰色;140,1,runrungo,2022,冬,,179,
,111,杭州银泰线下门店,,R2410JS368,R2410JS3689515,棉羊毛复合打底裤,深灰色;150,1,runrungo,2022,冬,,179,
,111,杭州银泰线下门店,,R2410JS423,R2410JS4237011,复古牛仔裤,蓝色;110,1,runrungo,2022,冬,,189,
,111,杭州银泰线下门店,,R2410JS423,R2410JS4237012,复古牛仔裤,蓝色;120,1,runrungo,2022,冬,,189,
,111,杭州银泰线下门店,,R2410JS423,R2410JS4237013,复古牛仔裤,蓝色;130,1,runrungo,2022,冬,,189,
,111,杭州银泰线下门店,,R2410JS423,R2410JS4237014,复古牛仔裤,蓝色;140,1,runrungo,2022,冬,,189,
,111,杭州银泰线下门店,,R2410JS423,R2410JS4237015,复古牛仔裤,蓝色;150,1,runrungo,2022,冬,,189,
,111,杭州银泰线下门店,,R2410JS423,R2410JS4239911,复古牛仔裤,黑色;110,1,runrungo,2022,冬,,189,
,111,杭州银泰线下门店,,R2410JS423,R2410JS4239912,复古牛仔裤,黑色;120,1,runrungo,2022,冬,,189,
,111,杭州银泰线下门店,,R2410JS423,R2410JS4239914,复古牛仔裤,黑色;140,1,runrungo,2022,冬,,189,
,111,杭州银泰线下门店,,R0310NT01,R0310NT015211,打底德绒套装,黑色;110,1,runrungo,2022,秋,,119,
,111,杭州银泰线下门店,,R2410JS423,R2410JS4239915,复古牛仔裤,黑色;150,1,runrungo,2022,冬,,189,
,111,杭州银泰线下门店,,R2410JS424,R2410JS4247012,高腰牛仔裤,蓝色;120,1,runrungo,2022,冬,,189,
,111,杭州银泰线下门店,,R2410JS424,R2410JS4247013,高腰牛仔裤,蓝色;130,1,runrungo,2022,冬,,189,
,111,杭州银泰线下门店,,R2410JS424,R2410JS4247014,高腰牛仔裤,蓝色;140,1,runrungo,2022,冬,,189,
,111,杭州银泰线下门店,,R2410JS424,R2410JS4247015,高腰牛仔裤,蓝色;150,1,runrungo,2022,冬,,189,
,111,杭州银泰线下门店,,R2410JS424,R2410JS4249911,高腰牛仔裤,黑色;110,1,runrungo,2022,冬,,189,
,111,杭州银泰线下门店,,R2410JS424,R2410JS4249912,高腰牛仔裤,黑色;120,1,runrungo,2022,冬,,189,
,111,杭州银泰线下门店,,R2410JS424,R2410JS4249913,高腰牛仔裤,黑色;130,1,runrungo,2022,冬,,189,
,111,杭州银泰线下门店,,R2410JS424,R2410JS4249914,高腰牛仔裤,黑色;140,1,runrungo,2022,冬,,189,
,111,杭州银泰线下门店,,R2410JS424,R2410JS4249915,高腰牛仔裤,黑色;150,1,runrungo,2022,冬,,189,
,111,杭州银泰线下门店,,R2410SP288,R2410SP2886980,两色条纹卫裤,咸菜绿;80,1,runrungo,2022,冬,,219,
,111,杭州银泰线下门店,,R2410SP288,R2410SP2886990,两色条纹卫裤,咸菜绿;90,1,runrungo,2022,冬,,219,
,111,杭州银泰线下门店,,R2410SP288,R2410SP2889010,两色条纹卫裤,花灰色;100,1,runrungo,2022,冬,,219,
,111,杭州银泰线下门店,,R2410SP288,R2410SP2889080,两色条纹卫裤,花灰色;80,1,runrungo,2022,冬,,219,
,111,杭州银泰线下门店,,R2410SP288,R2410SP2889090,两色条纹卫裤,花灰色;90,1,runrungo,2022,冬,,219,
,111,杭州银泰线下门店,,R2410SP289,R2410SP2896912,军绿色斑马纹卫裤,军绿色;120,1,runrungo,2022,冬,,189,
,111,杭州银泰线下门店,,R2410SP289,R2410SP2896980,军绿色斑马纹卫裤,军绿色;80,1,runrungo,2022,冬,,189,
,111,杭州银泰线下门店,,R2410SP289,R2410SP2896990,军绿色斑马纹卫裤,军绿色;90,1,runrungo,2022,冬,,189,
,111,杭州银泰线下门店,,R2410SP339,R2410SP3391211,加绒卫裤,咖色;110,1,runrungo,2022,冬,,209,
,111,杭州银泰线下门店,,R2410SP339,R2410SP3391213,加绒卫裤,咖色;130,1,runrungo,2022,冬,,209,
,111,杭州银泰线下门店,,R2410SP339,R2410SP3391214,加绒卫裤,咖色;140,1,runrungo,2022,冬,,209,
,111,杭州银泰线下门店,,R2410SP339,R2410SP3391216,加绒卫裤,咖色;160,1,runrungo,2022,冬,,209,
,111,杭州银泰线下门店,,R2410SP339,R2410SP3396912,加绒卫裤,军绿色;120,1,runrungo,2022,冬,,209,
,111,杭州银泰线下门店,,R2410SP339,R2410SP3399011,加绒卫裤,灰色;110,1,runrungo,2022,冬,,209,
,111,杭州银泰线下门店,,R2410SP339,R2410SP3399016,加绒卫裤,灰色;160,1,runrungo,2022,冬,,209,
,111,杭州银泰线下门店,,R2410SP339,R2410SP3399911,加绒卫裤,黑色;110,1,runrungo,2022,冬,,209,
,111,杭州银泰线下门店,,R2410SP339,R2410SP3399912,加绒卫裤,黑色;120,1,runrungo,2022,冬,,209,
,111,杭州银泰线下门店,,R2410SP339,R2410SP3399913,加绒卫裤,黑色;130,1,runrungo,2022,冬,,209,
,111,杭州银泰线下门店,,R2410SP341,R2410SP3411217,两色内里绒条绒裤,咖色;170,1,runrungo,2022,冬,,229,
,111,杭州银泰线下门店,,R2410SP341,R2410SP3419013,两色内里绒条绒裤,灰色;130,1,runrungo,2022,冬,,229,
,111,杭州银泰线下门店,,R2410SP341,R2410SP3419014,两色内里绒条绒裤,灰色;140,1,runrungo,2022,冬,,229,
,111,杭州银泰线下门店,,R2410SP341,R2410SP3419016,两色内里绒条绒裤,灰色;160,1,runrungo,2022,冬,,229,
,111,杭州银泰线下门店,,R2410SP341,R2410SP3419017,两色内里绒条绒裤,灰色;170,1,runrungo,2022,冬,,229,
,111,杭州银泰线下门店,,R2410SW349,R2410SW34925L,中国风小兔子毛衣,红色;L,1,runrungo,2022,冬,,249,
,111,杭州银泰线下门店,,R2410SW351,R2410SW3512512,中国风小兔子毛衣,红色;120,1,runrungo,2022,冬,,149,
,111,杭州银泰线下门店,,R2410TR287,R2410TR2875080,两色大口袋工装裤,绿色;80,1,runrungo,2022,冬,,269,
,111,杭州银泰线下门店,,R2410TR287,R2410TR2879910,两色大口袋工装裤,黑色;100,1,runrungo,2022,冬,,269,
,111,杭州银泰线下门店,,R2410TR287,R2410TR2879990,两色大口袋工装裤,黑色;90,1,runrungo,2022,冬,,269,
,111,杭州银泰线下门店,,R2410TR290,R2410TR2901190,收口加绒灯芯绒裤,卡其色;90,1,runrungo,2022,冬,,219,
,111,杭州银泰线下门店,,R2410TR290,R2410TR2906910,收口加绒灯芯绒裤,军绿色;100,1,runrungo,2022,冬,,219,
,111,杭州银泰线下门店,,R2410TR290,R2410TR2906911,收口加绒灯芯绒裤,军绿色;110,1,runrungo,2022,冬,,219,
,111,杭州银泰线下门店,,R2410TR290,R2410TR2906980,收口加绒灯芯绒裤,军绿色;80,1,runrungo,2022,冬,,219,
,111,杭州银泰线下门店,,R2410TR290,R2410TR2906990,收口加绒灯芯绒裤,军绿色;90,1,runrungo,2022,冬,,219,
,111,杭州银泰线下门店,,R2410TR294,R2410TR2945010,菱格加绒休闲裤,绿色;100,1,runrungo,2022,冬,,199,
,111,杭州银泰线下门店,,R2410TR294,R2410TR2945011,菱格加绒休闲裤,绿色;110,1,runrungo,2022,冬,,199,
,111,杭州银泰线下门店,,R2410TR297,R2410TR2977090,加绒加厚休闲牛仔裤,蓝色;90,1,runrungo,2022,冬,,219,
,111,杭州银泰线下门店,,R2410TR304,R2410TR3041314,条绒加厚卫裤,深咖色;140,1,runrungo,2022,冬,,209,
,111,杭州银泰线下门店,,R2410TR304,R2410TR3049913,条绒加厚卫裤,黑色;130,1,runrungo,2022,冬,,209,
,111,杭州银泰线下门店,,R2410TR321,R2410TR3210113,加绒休闲阔腿裤,米色;130,1,runrungo,2022,冬,,269,
,111,杭州银泰线下门店,,R2410TR321,R2410TR3210114,加绒休闲阔腿裤,米色;140,1,runrungo,2022,冬,,269,
,111,杭州银泰线下门店,,R2410TR321,R2410TR3210115,加绒休闲阔腿裤,米色;150,1,runrungo,2022,冬,,269,
,111,杭州银泰线下门店,,R2410TR321,R2410TR3219012,加绒休闲阔腿裤,灰色;120,1,runrungo,2022,冬,,269,
,111,杭州银泰线下门店,,R2410TR321,R2410TR3219013,加绒休闲阔腿裤,灰色;130,1,runrungo,2022,冬,,269,
,111,杭州银泰线下门店,,R2410TR321,R2410TR3219014,加绒休闲阔腿裤,灰色;140,1,runrungo,2022,冬,,269,
,111,杭州银泰线下门店,,R2410TR321,R2410TR3219015,加绒休闲阔腿裤,灰色;150,1,runrungo,2022,冬,,269,
,111,杭州银泰线下门店,,R2410TR340,R2410TR3401213,四色暖暖裤,咖色;130,1,runrungo,2022,冬,,179,
,111,杭州银泰线下门店,,R2410TR340,R2410TR3401215,四色暖暖裤,咖色;150,1,runrungo,2022,冬,,179,
,111,杭州银泰线下门店,,R2410TR340,R2410TR3407015,四色暖暖裤,蓝色;150,1,runrungo,2022,冬,,179,
,111,杭州银泰线下门店,,R2410TR340,R2410TR3409015,四色暖暖裤,灰色;150,1,runrungo,2022,冬,,179,
,111,杭州银泰线下门店,,R2410TR340,R2410TR3409016,四色暖暖裤,灰色;160,1,runrungo,2022,冬,,179,
,111,杭州银泰线下门店,,R2410TR340,R2410TR3409017,四色暖暖裤,灰色;170,1,runrungo,2022,冬,,179,
,111,杭州银泰线下门店,,R2410TR340,R2410TR3409912,四色暖暖裤,黑色;120,1,runrungo,2022,冬,,179,
,111,杭州银泰线下门店,,R2410TR340,R2410TR3409913,四色暖暖裤,黑色;130,1,runrungo,2022,冬,,179,
,111,杭州银泰线下门店,,R2410TR340,R2410TR3409914,四色暖暖裤,黑色;140,1,runrungo,2022,冬,,179,
,111,杭州银泰线下门店,,R2410TR340,R2410TR3409915,四色暖暖裤,黑色;150,1,runrungo,2022,冬,,179,
,111,杭州银泰线下门店,,R2410TR340,R2410TR3409916,四色暖暖裤,黑色;160,1,runrungo,2022,冬,,179,
,111,杭州银泰线下门店,,R2410TR340,R2410TR3409917,四色暖暖裤,黑色;170,1,runrungo,2022,冬,,179,
,111,杭州银泰线下门店,,R2410YJ366,R2410YJ3669911,鲨鱼皮复合打底裤,黑色;110,1,runrungo,2022,冬,,169,
,111,杭州银泰线下门店,,R2410YJ366,R2410YJ3669914,鲨鱼皮复合打底裤,黑色;140,1,runrungo,2022,冬,,169,
,111,杭州银泰线下门店,https://images.sursung.com/prod/fms/10075491/20231227/05996B8AAC734AE4AA953E44BC13C53F_s405843_h800_w800.jpg,R3310JC659,R3310JC6595011,口袋冲锋衣抓绒两件套,绿色;110,1,runrungo,2023,冬,,399,
,111,杭州银泰线下门店,https://images.sursung.com/prod/fms/10075491/20231227/05996B8AAC734AE4AA953E44BC13C53F_s405843_h800_w800.jpg,R3310JC659,R3310JC6595012,口袋冲锋衣抓绒两件套,绿色;120,1,runrungo,2023,冬,,399,
,111,杭州银泰线下门店,https://images.sursung.com/prod/fms/10075491/20231227/05996B8AAC734AE4AA953E44BC13C53F_s405843_h800_w800.jpg,R3310JC659,R3310JC6595013,口袋冲锋衣抓绒两件套,绿色;130,1,runrungo,2023,冬,,399,
,111,杭州银泰线下门店,https://images.sursung.com/prod/fms/10075491/20231227/05996B8AAC734AE4AA953E44BC13C53F_s405843_h800_w800.jpg,R3310JC659,R3310JC6595014,口袋冲锋衣抓绒两件套,绿色;140,1,runrungo,2023,冬,,399,
,111,杭州银泰线下门店,https://images.sursung.com/prod/fms/10075491/20231227/05996B8AAC734AE4AA953E44BC13C53F_s405843_h800_w800.jpg,R3310JC659,R3310JC6595015,口袋冲锋衣抓绒两件套,绿色;150,1,runrungo,2023,冬,,399,
,111,杭州银泰线下门店,https://images.sursung.com/prod/fms/10075491/20231227/05996B8AAC734AE4AA953E44BC13C53F_s405843_h800_w800.jpg,R3310JC659,R3310JC6595016,口袋冲锋衣抓绒两件套,绿色;160,1,runrungo,2023,冬,,399,
,111,杭州银泰线下门店,https://images.sursung.com/prod/fms/10075491/20231227/3256141BC590460C8C0BB188F91FAB9C_s463461_h800_w800.jpg,R3310JC659,R3310JC6597011,口袋冲锋衣抓绒两件套,蓝色;110,1,runrungo,2023,冬,,399,
,111,杭州银泰线下门店,https://images.sursung.com/prod/fms/10075491/20231227/3256141BC590460C8C0BB188F91FAB9C_s463461_h800_w800.jpg,R3310JC659,R3310JC6597012,口袋冲锋衣抓绒两件套,蓝色;120,1,runrungo,2023,冬,,399,
,111,杭州银泰线下门店,https://images.sursung.com/prod/fms/10075491/20231227/3256141BC590460C8C0BB188F91FAB9C_s463461_h800_w800.jpg,R3310JC659,R3310JC6597013,口袋冲锋衣抓绒两件套,蓝色;130,1,runrungo,2023,冬,,399,
,111,杭州银泰线下门店,https://images.sursung.com/prod/fms/10075491/20231227/3256141BC590460C8C0BB188F91FAB9C_s463461_h800_w800.jpg,R3310JC659,R3310JC6597014,口袋冲锋衣抓绒两件套,蓝色;140,1,runrungo,2023,冬,,399,
,111,杭州银泰线下门店,https://images.sursung.com/prod/fms/10075491/20231227/3256141BC590460C8C0BB188F91FAB9C_s463461_h800_w800.jpg,R3310JC659,R3310JC6597015,口袋冲锋衣抓绒两件套,蓝色;150,1,runrungo,2023,冬,,399,
,111,杭州银泰线下门店,https://images.sursung.com/prod/fms/10075491/20231227/3256141BC590460C8C0BB188F91FAB9C_s463461_h800_w800.jpg,R3310JC659,R3310JC6597016,口袋冲锋衣抓绒两件套,蓝色;160,1,runrungo,2023,冬,,399,
,111,杭州银泰线下门店,https://images.sursung.com/prod/fms/10075491/20231227/4890A5C4EAF0402AA8BBDE16C9B10990_s406412_h800_w800.jpg,R3310JC659,R3310JC6597711,口袋冲锋衣抓绒两件套,米白色;110,1,runrungo,2023,冬,,399,
,111,杭州银泰线下门店,https://images.sursung.com/prod/fms/10075491/20231227/4890A5C4EAF0402AA8BBDE16C9B10990_s406412_h800_w800.jpg,R3310JC659,R3310JC6597712,口袋冲锋衣抓绒两件套,米白色;120,1,runrungo,2023,冬,,399,
,111,杭州银泰线下门店,https://images.sursung.com/prod/fms/10075491/20231227/4890A5C4EAF0402AA8BBDE16C9B10990_s406412_h800_w800.jpg,R3310JC659,R3310JC6597713,口袋冲锋衣抓绒两件套,米白色;130,1,runrungo,2023,冬,,399,
,111,杭州银泰线下门店,https://images.sursung.com/prod/fms/10075491/20231227/4890A5C4EAF0402AA8BBDE16C9B10990_s406412_h800_w800.jpg,R3310JC659,R3310JC6597714,口袋冲锋衣抓绒两件套,米白色;140,1,runrungo,2023,冬,,399,
,111,杭州银泰线下门店,https://images.sursung.com/prod/fms/10075491/20231227/4890A5C4EAF0402AA8BBDE16C9B10990_s406412_h800_w800.jpg,R3310JC659,R3310JC6597715,口袋冲锋衣抓绒两件套,米白色;150,1,runrungo,2023,冬,,399,
,111,杭州银泰线下门店,https://images.sursung.com/prod/fms/10075491/20231227/4890A5C4EAF0402AA8BBDE16C9B10990_s406412_h800_w800.jpg,R3310JC659,R3310JC6597716,口袋冲锋衣抓绒两件套,米白色;160,1,runrungo,2023,冬,,399,
,111,杭州银泰线下门店,https://images.sursung.com/prod/fms/10075491/20231227/D5224156C37E4B9384BDF5BC6A3C0BFA_s400036_h800_w800.jpg,R3310JC659,R3310JC6599911,口袋冲锋衣抓绒两件套,黑色;110,1,runrungo,2023,冬,,399,
,111,杭州银泰线下门店,https://images.sursung.com/prod/fms/10075491/20231227/D5224156C37E4B9384BDF5BC6A3C0BFA_s400036_h800_w800.jpg,R3310JC659,R3310JC6599912,口袋冲锋衣抓绒两件套,黑色;120,1,runrungo,2023,冬,,399,
,111,杭州银泰线下门店,https://images.sursung.com/prod/fms/10075491/20231227/D5224156C37E4B9384BDF5BC6A3C0BFA_s400036_h800_w800.jpg,R3310JC659,R3310JC6599913,口袋冲锋衣抓绒两件套,黑色;130,1,runrungo,2023,冬,,399,
,111,杭州银泰线下门店,https://images.sursung.com/prod/fms/10075491/20231227/D5224156C37E4B9384BDF5BC6A3C0BFA_s400036_h800_w800.jpg,R3310JC659,R3310JC6599914,口袋冲锋衣抓绒两件套,黑色;140,1,runrungo,2023,冬,,399,
,111,杭州银泰线下门店,https://images.sursung.com/prod/fms/10075491/20231227/D5224156C37E4B9384BDF5BC6A3C0BFA_s400036_h800_w800.jpg,R3310JC659,R3310JC6599915,口袋冲锋衣抓绒两件套,黑色;150,1,runrungo,2023,冬,,399,
,111,杭州银泰线下门店,https://images.sursung.com/prod/fms/10075491/20231227/D5224156C37E4B9384BDF5BC6A3C0BFA_s400036_h800_w800.jpg,R3310JC659,R3310JC6599916,口袋冲锋衣抓绒两件套,黑色;160,1,runrungo,2023,冬,,399,
,111,杭州银泰线下门店,https://images-erp.sursung.com/prod/erp/ItemSku/10075491/20240105/148EA4CEBDAC4250A3547DFAE1537936.png?name=咖.png,R3310SW643,R3310SW6438611,笑脸爱心毛衣,袖子咖;110,1,runrungo,2023,秋,,139,
,111,杭州银泰线下门店,https://images-erp.sursung.com/prod/erp/ItemSku/10075491/20240105/28795F574A8A4B3F8AB63A94F7DAC088.png?name=咖.png,R3310SW643,R3310SW6438612,笑脸爱心毛衣,袖子咖;120,1,runrungo,2023,秋,,139,
,111,杭州银泰线下门店,https://images-erp.sursung.com/prod/erp/ItemSku/10075491/20240105/D51F565D06474DF9BAB6ADF891605EE2.png?name=咖.png,R3310SW643,R3310SW6438613,笑脸爱心毛衣,袖子咖;130,1,runrungo,2023,秋,,139,
,111,杭州银泰线下门店,https://images-erp.sursung.com/prod/erp/ItemSku/10075491/20240105/96874FE45AAE4C00A76F62CDE093FACF.png?name=黑.png,R3310SW643,R3310SW6438711,笑脸爱心毛衣,袖子黑;110,1,runrungo,2023,秋,,139,
,111,杭州银泰线下门店,https://images-erp.sursung.com/prod/erp/ItemSku/10075491/20240105/CE3F691C23A6464BB45EA93325E769E0.png?name=黑.png,R3310SW643,R3310SW6438712,笑脸爱心毛衣,袖子黑;120,1,runrungo,2023,秋,,139,
,111,杭州银泰线下门店,https://images-erp.sursung.com/prod/erp/ItemSku/10075491/20240105/8D5FF4767DD14F8B828F1CE0DF092E14.png?name=黑.png,R3310SW643,R3310SW6438713,笑脸爱心毛衣,袖子黑;130,1,runrungo,2023,秋,,139,
,111,杭州银泰线下门店,https://images.sursung.com/prod/icloud/10075491/20231212/9F524E83B32A4AAF9F54D075B95D1653_s180246_h800_w800.jpg,R3310TS690,R3310TS6902510,小太阳长袖T恤,红色;100,1,RUNRUNGO,2023,冬,,89,
,111,杭州银泰线下门店,https://images.sursung.com/prod/icloud/10075491/20231212/9F524E83B32A4AAF9F54D075B95D1653_s180246_h800_w800.jpg,R3310TS690,R3310TS6902511,小太阳长袖T恤,红色;110,1,RUNRUNGO,2023,冬,,89,
,111,杭州银泰线下门店,https://images.sursung.com/prod/icloud/10075491/20231212/9F524E83B32A4AAF9F54D075B95D1653_s180246_h800_w800.jpg,R3310TS690,R3310TS6902512,小太阳长袖T恤,红色;120,1,RUNRUNGO,2023,冬,,89,
,111,杭州银泰线下门店,https://images.sursung.com/prod/icloud/10075491/20231212/9F524E83B32A4AAF9F54D075B95D1653_s180246_h800_w800.jpg,R3310TS690,R3310TS6902513,小太阳长袖T恤,红色;130,1,RUNRUNGO,2023,冬,,89,
,111,杭州银泰线下门店,https://images.sursung.com/prod/icloud/10075491/20231212/9F524E83B32A4AAF9F54D075B95D1653_s180246_h800_w800.jpg,R3310TS690,R3310TS6902514,小太阳长袖T恤,红色;140,1,RUNRUNGO,2023,冬,,89,
,111,杭州银泰线下门店,https://images.sursung.com/prod/icloud/10075491/20231212/629070C37CB640A3B5BA8B5082B2C54C_s192984_h800_w800.jpg,R3310TS690,R3310TS6905010,小太阳长袖T恤,绿色;100,1,RUNRUNGO,2023,冬,,89,
,111,杭州银泰线下门店,https://images.sursung.com/prod/icloud/10075491/20231212/629070C37CB640A3B5BA8B5082B2C54C_s192984_h800_w800.jpg,R3310TS690,R3310TS6905011,小太阳长袖T恤,绿色;110,1,RUNRUNGO,2023,冬,,89,
,111,杭州银泰线下门店,https://images.sursung.com/prod/icloud/10075491/20231212/629070C37CB640A3B5BA8B5082B2C54C_s192984_h800_w800.jpg,R3310TS690,R3310TS6905012,小太阳长袖T恤,绿色;120,1,RUNRUNGO,2023,冬,,89,
,111,杭州银泰线下门店,https://images.sursung.com/prod/icloud/10075491/20231212/629070C37CB640A3B5BA8B5082B2C54C_s192984_h800_w800.jpg,R3310TS690,R3310TS6905013,小太阳长袖T恤,绿色;130,1,RUNRUNGO,2023,冬,,89,
,111,杭州银泰线下门店,https://images.sursung.com/prod/icloud/10075491/20231212/629070C37CB640A3B5BA8B5082B2C54C_s192984_h800_w800.jpg,R3310TS690,R3310TS6905014,小太阳长袖T恤,绿色;140,1,RUNRUNGO,2023,冬,,89,
,111,杭州银泰线下门店,https://images.sursung.com/prod/icloud/10075491/20231212/629070C37CB640A3B5BA8B5082B2C54C_s192984_h800_w800.jpg,R3310TS690,R3310TS6905015,小太阳长袖T恤,绿色;150,1,RUNRUNGO,2023,冬,,89,
,111,杭州银泰线下门店,https://images.sursung.com/prod/icloud/10075491/20231212/56823AC44DF24D3D926634CF09B64EE0_s181571_h800_w800.jpg,R3310TS690,R3310TS6907010,小太阳长袖T恤,咖色;100,1,RUNRUNGO,2023,冬,,89,
,111,杭州银泰线下门店,https://images.sursung.com/prod/icloud/10075491/20231212/56823AC44DF24D3D926634CF09B64EE0_s181571_h800_w800.jpg,R3310TS690,R3310TS6907011,小太阳长袖T恤,咖色;110,1,RUNRUNGO,2023,冬,,89,
,111,杭州银泰线下门店,https://images.sursung.com/prod/icloud/10075491/20231212/56823AC44DF24D3D926634CF09B64EE0_s181571_h800_w800.jpg,R3310TS690,R3310TS6907012,小太阳长袖T恤,咖色;120,1,RUNRUNGO,2023,冬,,89,
,111,杭州银泰线下门店,https://images.sursung.com/prod/icloud/10075491/20231212/56823AC44DF24D3D926634CF09B64EE0_s181571_h800_w800.jpg,R3310TS690,R3310TS6907013,小太阳长袖T恤,咖色;130,1,RUNRUNGO,2023,冬,,89,
,111,杭州银泰线下门店,https://images.sursung.com/prod/icloud/10075491/20231212/56823AC44DF24D3D926634CF09B64EE0_s181571_h800_w800.jpg,R3310TS690,R3310TS6907014,小太阳长袖T恤,咖色;140,1,RUNRUNGO,2023,冬,,89,
,111,杭州银泰线下门店,https://images.sursung.com/prod/icloud/10075491/20231212/56823AC44DF24D3D926634CF09B64EE0_s181571_h800_w800.jpg,R3310TS690,R3310TS6907015,小太阳长袖T恤,咖色;150,1,RUNRUNGO,2023,冬,,89,
,111,杭州银泰线下门店,https://images.sursung.com/prod/icloud/10075491/20231212/0BB53867EB6348FBB54EB98181E58AEC_s158369_h800_w800.jpg,R3310TS690,R3310TS6909910,小太阳长袖T恤,黑色;100,1,RUNRUNGO,2023,冬,,89,
,111,杭州银泰线下门店,https://images.sursung.com/prod/icloud/10075491/20231212/0BB53867EB6348FBB54EB98181E58AEC_s158369_h800_w800.jpg,R3310TS690,R3310TS6909911,小太阳长袖T恤,黑色;110,1,RUNRUNGO,2023,冬,,89,
,111,杭州银泰线下门店,https://images.sursung.com/prod/icloud/10075491/20231212/0BB53867EB6348FBB54EB98181E58AEC_s158369_h800_w800.jpg,R3310TS690,R3310TS6909912,小太阳长袖T恤,黑色;120,1,RUNRUNGO,2023,冬,,89,
,111,杭州银泰线下门店,https://images.sursung.com/prod/icloud/10075491/20231212/0BB53867EB6348FBB54EB98181E58AEC_s158369_h800_w800.jpg,R3310TS690,R3310TS6909913,小太阳长袖T恤,黑色;130,1,RUNRUNGO,2023,冬,,89,
,111,杭州银泰线下门店,https://images.sursung.com/prod/icloud/10075491/20231212/0BB53867EB6348FBB54EB98181E58AEC_s158369_h800_w800.jpg,R3310TS690,R3310TS6909914,小太阳长袖T恤,黑色;140,1,RUNRUNGO,2023,冬,,89,
,111,杭州银泰线下门店,,R3410DJ673,R3410DJ6730210,面包羽绒外套,粉色;100,1,runrungo,2023,冬,,299,
,111,杭州银泰线下门店,,R3410DJ673,R3410DJ6730211,面包羽绒外套,粉色;110,1,runrungo,2023,冬,,299,
,111,杭州银泰线下门店,,R3410DJ673,R3410DJ6730212,面包羽绒外套,粉色;120,1,runrungo,2023,冬,,299,
,111,杭州银泰线下门店,,R3410DJ673,R3410DJ6730213,面包羽绒外套,粉色;130,1,runrungo,2023,冬,,299,
,111,杭州银泰线下门店,,R3410DJ673,R3410DJ6730290,面包羽绒外套,粉色;90,1,runrungo,2023,冬,,299,
,111,杭州银泰线下门店,,R3410DJ673,R3410DJ6730910,面包羽绒外套,浅灰色;100,1,runrungo,2023,冬,,299,
,111,杭州银泰线下门店,,R3410DJ673,R3410DJ6730911,面包羽绒外套,浅灰色;110,1,runrungo,2023,冬,,299,
,111,杭州银泰线下门店,,R3410DJ673,R3410DJ6730912,面包羽绒外套,浅灰色;120,1,runrungo,2023,冬,,299,
,111,杭州银泰线下门店,,R3410DJ673,R3410DJ6730913,面包羽绒外套,浅灰色;130,1,runrungo,2023,冬,,299,
,111,杭州银泰线下门店,,R3410DJ673,R3410DJ6730990,面包羽绒外套,浅灰色;90,1,runrungo,2023,冬,,299,
,111,杭州银泰线下门店,,R3410DJ673,R3410DJ6732510,面包羽绒外套,红色;100,1,runrungo,2023,冬,,299,
,111,杭州银泰线下门店,,R3410DJ673,R3410DJ6732511,面包羽绒外套,红色;110,1,runrungo,2023,冬,,299,
,111,杭州银泰线下门店,,R3410DJ673,R3410DJ6732512,面包羽绒外套,红色;120,1,runrungo,2023,冬,,299,
,111,杭州银泰线下门店,,R3410DJ673,R3410DJ6732513,面包羽绒外套,红色;130,1,runrungo,2023,冬,,299,
,111,杭州银泰线下门店,,R3410DJ673,R3410DJ6732590,面包羽绒外套,红色;90,1,runrungo,2023,冬,,299,
,111,杭州银泰线下门店,,R3410DJ673,R3410DJ6735710,面包羽绒外套,灰蓝色;100,1,runrungo,2023,冬,,299,
,111,杭州银泰线下门店,,R3410DJ673,R3410DJ6735711,面包羽绒外套,灰蓝色;110,1,runrungo,2023,冬,,299,
,111,杭州银泰线下门店,,R3410DJ673,R3410DJ6735712,面包羽绒外套,灰蓝色;120,1,runrungo,2023,冬,,299,
,111,杭州银泰线下门店,,R3410DJ673,R3410DJ6735713,面包羽绒外套,灰蓝色;130,1,runrungo,2023,冬,,299,
,111,杭州银泰线下门店,,R3410DJ673,R3410DJ6735790,面包羽绒外套,灰蓝色;90,1,runrungo,2023,冬,,299,
,111,杭州银泰线下门店,,R3410DJ673,R3410DJ6739410,面包羽绒外套,深绿色;100,1,runrungo,2023,冬,,299,
,111,杭州银泰线下门店,,R3410DJ673,R3410DJ6739411,面包羽绒外套,深绿色;110,1,runrungo,2023,冬,,299,
,111,杭州银泰线下门店,,R3410DJ673,R3410DJ6739412,面包羽绒外套,深绿色;120,1,runrungo,2023,冬,,299,
,111,杭州银泰线下门店,,R3410DJ673,R3410DJ6739413,面包羽绒外套,深绿色;130,1,runrungo,2023,冬,,299,
,111,杭州银泰线下门店,,R3410DJ673,R3410DJ6739490,面包羽绒外套,深绿色;90,1,runrungo,2023,冬,,299,
,111,杭州银泰线下门店,,R3410DJ678,R3410DJ6788091,青蛙耳朵连帽羽绒服,蓝色;110,1,runrungo,2023,冬,,699,
,111,杭州银泰线下门店,,R3410DJ678,R3410DJ6788092,青蛙耳朵连帽羽绒服,蓝色;120,1,runrungo,2023,冬,,699,
,111,杭州银泰线下门店,,R3410DJ678,R3410DJ6788094,青蛙耳朵连帽羽绒服,蓝色;140,1,runrungo,2023,冬,,699,
,111,杭州银泰线下门店,,R3410DJ678,R3410DJ6788095,青蛙耳朵连帽羽绒服,蓝色;150,1,runrungo,2023,冬,,699,
,111,杭州银泰线下门店,,R3410DJ678,R3410DJ6788096,青蛙耳朵连帽羽绒服,蓝色;160,1,runrungo,2023,冬,,699,
,111,杭州银泰线下门店,,R3410DJ678,R3410DJ6788103,青蛙耳朵连帽羽绒服,米色;110,1,runrungo,2023,冬,,699,
,111,杭州银泰线下门店,,R3410DJ678,R3410DJ6788104,青蛙耳朵连帽羽绒服,米色;120,1,runrungo,2023,冬,,699,
,111,杭州银泰线下门店,,R3410DJ678,R3410DJ6788105,青蛙耳朵连帽羽绒服,米色;130,1,runrungo,2023,冬,,699,
,111,杭州银泰线下门店,,R3410DJ678,R3410DJ6788106,青蛙耳朵连帽羽绒服,米色;140,1,runrungo,2023,冬,,699,
,111,杭州银泰线下门店,,R3410DJ678,R3410DJ6788107,青蛙耳朵连帽羽绒服,米色;150,1,runrungo,2023,冬,,699,
,111,杭州银泰线下门店,,R3410DJ678,R3410DJ6788108,青蛙耳朵连帽羽绒服,米色;160,1,runrungo,2023,冬,,699,
,111,杭州银泰线下门店,,R3410DJ680,R3410DJ6800121,小泡芙短款连帽羽绒服,黑色;110,1,runrungo,2023,冬,,849,
,111,杭州银泰线下门店,,R3410DJ680,R3410DJ6800122,小泡芙短款连帽羽绒服,黑色;120,1,runrungo,2023,冬,,849,
,111,杭州银泰线下门店,,R3410DJ680,R3410DJ6800123,小泡芙短款连帽羽绒服,黑色;130,1,runrungo,2023,冬,,849,
,111,杭州银泰线下门店,,R3410DJ680,R3410DJ6800125,小泡芙短款连帽羽绒服,黑色;150,1,runrungo,2023,冬,,849,
,111,杭州银泰线下门店,,R3410DJ680,R3410DJ6800127,小泡芙短款连帽羽绒服,米白;110,1,runrungo,2023,冬,,849,
,111,杭州银泰线下门店,,R3410DJ680,R3410DJ6800128,小泡芙短款连帽羽绒服,米白;120,1,runrungo,2023,冬,,849,
,111,杭州银泰线下门店,,R3410DJ680,R3410DJ6800129,小泡芙短款连帽羽绒服,米白;130,1,runrungo,2023,冬,,849,
,111,杭州银泰线下门店,,R3410DJ680,R3410DJ6800130,小泡芙短款连帽羽绒服,米白;140,1,runrungo,2023,冬,,849,
,111,杭州银泰线下门店,,R3410DJ680,R3410DJ6800131,小泡芙短款连帽羽绒服,米白;150,1,runrungo,2023,冬,,849,
,111,杭州银泰线下门店,,R3410DJ680,R3410DJ6800133,小泡芙短款连帽羽绒服,浅粉;110,1,runrungo,2023,冬,,849,
,111,杭州银泰线下门店,,R3410DJ680,R3410DJ6800134,小泡芙短款连帽羽绒服,浅粉;120,1,runrungo,2023,冬,,849,
,111,杭州银泰线下门店,,R3410DJ680,R3410DJ6800135,小泡芙短款连帽羽绒服,浅粉;130,1,runrungo,2023,冬,,849,
,111,杭州银泰线下门店,,R3410DJ680,R3410DJ6800137,小泡芙短款连帽羽绒服,浅粉;150,1,runrungo,2023,冬,,849,
,111,杭州银泰线下门店,,R3410DJ683,R3410DJ6830010,轻薄羽绒外套,白色;100,1,runrungo,2023,冬,,299,
,111,杭州银泰线下门店,,R3410DJ683,R3410DJ6830011,轻薄羽绒外套,白色;110,1,runrungo,2023,冬,,299,
,111,杭州银泰线下门店,,R3410DJ683,R3410DJ6830012,轻薄羽绒外套,白色;120,1,runrungo,2023,冬,,299,
,111,杭州银泰线下门店,,R3410DJ683,R3410DJ6830013,轻薄羽绒外套,白色;130,1,runrungo,2023,冬,,299,
,111,杭州银泰线下门店,,R3410DJ683,R3410DJ6830090,轻薄羽绒外套,白色;90,1,runrungo,2023,冬,,299,
,111,杭州银泰线下门店,,R3410DJ683,R3410DJ6830410,轻薄羽绒外套,黄色;100,1,runrungo,2023,冬,,299,
,111,杭州银泰线下门店,,R3410DJ683,R3410DJ6830411,轻薄羽绒外套,黄色;110,1,runrungo,2023,冬,,299,
,111,杭州银泰线下门店,,R3410DJ683,R3410DJ6830412,轻薄羽绒外套,黄色;120,1,runrungo,2023,冬,,299,
,111,杭州银泰线下门店,,R3410DJ683,R3410DJ6830413,轻薄羽绒外套,黄色;130,1,runrungo,2023,冬,,299,
,111,杭州银泰线下门店,,R3410DJ683,R3410DJ6830490,轻薄羽绒外套,黄色;90,1,runrungo,2023,冬,,299,
,111,杭州银泰线下门店,,R3410DJ683,R3410DJ6832510,轻薄羽绒外套,红色;100,1,runrungo,2023,冬,,299,
,111,杭州银泰线下门店,,R3410DJ683,R3410DJ6832511,轻薄羽绒外套,红色;110,1,runrungo,2023,冬,,299,
,111,杭州银泰线下门店,,R3410DJ683,R3410DJ6832512,轻薄羽绒外套,红色;120,1,runrungo,2023,冬,,299,
,111,杭州银泰线下门店,,R3410DJ683,R3410DJ6832513,轻薄羽绒外套,红色;130,1,runrungo,2023,冬,,299,
,111,杭州银泰线下门店,,R3410DJ683,R3410DJ6832590,轻薄羽绒外套,红色;90,1,runrungo,2023,冬,,299,
,111,杭州银泰线下门店,,R3410DJ683,R3410DJ6837010,轻薄羽绒外套,蓝色;100,1,runrungo,2023,冬,,299,
,111,杭州银泰线下门店,,R3410DJ683,R3410DJ6837011,轻薄羽绒外套,蓝色;110,1,runrungo,2023,冬,,299,
,111,杭州银泰线下门店,,R3410DJ683,R3410DJ6837012,轻薄羽绒外套,蓝色;120,1,runrungo,2023,冬,,299,
,111,杭州银泰线下门店,,R3410DJ683,R3410DJ6837013,轻薄羽绒外套,蓝色;130,1,runrungo,2023,冬,,299,
,111,杭州银泰线下门店,,R3410DJ683,R3410DJ6837090,轻薄羽绒外套,蓝色;90,1,runrungo,2023,冬,,299,
,111,杭州银泰线下门店,,R3410DJ684,R3410DJ684011,花花轻薄羽绒外套,米色;110,1,runrungo,2023,冬,,299,
,111,杭州银泰线下门店,,R3410DJ684,R3410DJ6840110,花花轻薄羽绒外套,米色;100,1,runrungo,2023,冬,,299,
,111,杭州银泰线下门店,,R3410DJ684,R3410DJ684012,花花轻薄羽绒外套,米色;120,1,runrungo,2023,冬,,299,
,111,杭州银泰线下门店,,R3410DJ684,R3410DJ684013,花花轻薄羽绒外套,米色;130,1,runrungo,2023,冬,,299,
,111,杭州银泰线下门店,,R3410DJ684,R3410DJ6840190,花花轻薄羽绒外套,米色;90,1,runrungo,2023,冬,,299,
,111,杭州银泰线下门店,,R3410DJ684,R3410DJ6847010,花花轻薄羽绒外套,蓝色;100,1,runrungo,2023,冬,,299,
,111,杭州银泰线下门店,,R3410DJ684,R3410DJ6847011,花花轻薄羽绒外套,蓝色;110,1,runrungo,2023,冬,,299,
,111,杭州银泰线下门店,,R3410DJ684,R3410DJ6847012,花花轻薄羽绒外套,蓝色;120,1,runrungo,2023,冬,,299,
,111,杭州银泰线下门店,,R3410DJ684,R3410DJ6847013,花花轻薄羽绒外套,蓝色;130,1,runrungo,2023,冬,,299,
,111,杭州银泰线下门店,,R3410DJ684,R3410DJ6847090,花花轻薄羽绒外套,蓝色;90,1,runrungo,2023,冬,,299,
,111,杭州银泰线下门店,,R3410DJ684,R3410DJ6849010,花花轻薄羽绒外套,灰色;100,1,runrungo,2023,冬,,299,
,111,杭州银泰线下门店,,R3410DJ684,R3410DJ6849011,花花轻薄羽绒外套,灰色;110,1,runrungo,2023,冬,,299,
,111,杭州银泰线下门店,,R3410DJ684,R3410DJ6849012,花花轻薄羽绒外套,灰色;120,1,runrungo,2023,冬,,299,
,111,杭州银泰线下门店,,R3410DJ684,R3410DJ6849013,花花轻薄羽绒外套,灰色;130,1,runrungo,2023,冬,,299,
,111,杭州银泰线下门店,,R3410DJ684,R3410DJ6849090,花花轻薄羽绒外套,灰色;90,1,runrungo,2023,冬,,299,
,111,杭州银泰线下门店,,R3410DJ685,R3410DJ6850010,棒球领超轻羽绒服,白色;100,1,runrungo,2023,冬,,299,
,111,杭州银泰线下门店,,R3410DJ685,R3410DJ6850011,棒球领超轻羽绒服,白色;110,1,runrungo,2023,冬,,299,
,111,杭州银泰线下门店,,R3410DJ685,R3410DJ6850012,棒球领超轻羽绒服,白色;120,1,runrungo,2023,冬,,299,
,111,杭州银泰线下门店,,R3410DJ685,R3410DJ6850013,棒球领超轻羽绒服,白色;130,1,runrungo,2023,冬,,299,
,111,杭州银泰线下门店,,R3410DJ685,R3410DJ6850090,棒球领超轻羽绒服,白色;90,1,runrungo,2023,冬,,299,
,111,杭州银泰线下门店,,R3410DJ685,R3410DJ6855010,棒球领超轻羽绒服,绿色;100,1,runrungo,2023,冬,,299,
,111,杭州银泰线下门店,,R3410DJ685,R3410DJ6855011,棒球领超轻羽绒服,绿色;110,1,runrungo,2023,冬,,299,
,111,杭州银泰线下门店,,R3410DJ685,R3410DJ6855012,棒球领超轻羽绒服,绿色;120,1,runrungo,2023,冬,,299,
,111,杭州银泰线下门店,,R3410DJ685,R3410DJ6855013,棒球领超轻羽绒服,绿色;130,1,runrungo,2023,冬,,299,
,111,杭州银泰线下门店,,R3410DJ685,R3410DJ6855090,棒球领超轻羽绒服,绿色;90,1,runrungo,2023,冬,,299,
,111,杭州银泰线下门店,,R3410DJ685,R3410DJ6857010,棒球领超轻羽绒服,蓝色;100,1,runrungo,2023,冬,,299,
,111,杭州银泰线下门店,,R3410DJ685,R3410DJ6857011,棒球领超轻羽绒服,蓝色;110,1,runrungo,2023,冬,,299,
,111,杭州银泰线下门店,,R3410DJ685,R3410DJ6857012,棒球领超轻羽绒服,蓝色;120,1,runrungo,2023,冬,,299,
,111,杭州银泰线下门店,,R3410DJ685,R3410DJ6857013,棒球领超轻羽绒服,蓝色;130,1,runrungo,2023,冬,,299,
,111,杭州银泰线下门店,,R3410DJ685,R3410DJ6857090,棒球领超轻羽绒服,蓝色;90,1,runrungo,2023,冬,,299,
,111,杭州银泰线下门店,,R3410DJ687,R3410DJ6870510,加厚连帽羽绒服,浅绿色;100,1,runrungo,2023,冬,,599,
,111,杭州银泰线下门店,,R3410DJ687,R3410DJ6870511,加厚连帽羽绒服,浅绿色;110,1,runrungo,2023,冬,,599,
,111,杭州银泰线下门店,,R3410DJ687,R3410DJ6870512,加厚连帽羽绒服,浅绿色;120,1,runrungo,2023,冬,,599,
,111,杭州银泰线下门店,,R3410DJ687,R3410DJ6870513,加厚连帽羽绒服,浅绿色;130,1,runrungo,2023,冬,,599,
,111,杭州银泰线下门店,,R3410DJ687,R3410DJ6870580,加厚连帽羽绒服,浅绿色;80,1,runrungo,2023,冬,,599,
,111,杭州银泰线下门店,,R3410DJ687,R3410DJ6870590,加厚连帽羽绒服,浅绿色;90,1,runrungo,2023,冬,,599,
,111,杭州银泰线下门店,,R3410DJ687,R3410DJ6879810,加厚连帽羽绒服,咖啡色;100,1,runrungo,2023,冬,,599,
,111,杭州银泰线下门店,,R3410DJ687,R3410DJ6879811,加厚连帽羽绒服,咖啡色;110,1,runrungo,2023,冬,,599,
,111,杭州银泰线下门店,,R3410DJ687,R3410DJ6879812,加厚连帽羽绒服,咖啡色;120,1,runrungo,2023,冬,,599,
,111,杭州银泰线下门店,,R3410DJ687,R3410DJ6879813,加厚连帽羽绒服,咖啡色;130,1,runrungo,2023,冬,,599,
,111,杭州银泰线下门店,,R3410DJ687,R3410DJ6879880,加厚连帽羽绒服,咖啡色;80,1,runrungo,2023,冬,,599,
,111,杭州银泰线下门店,,R3410DJ687,R3410DJ6879890,加厚连帽羽绒服,咖啡色;90,1,runrungo,2023,冬,,599,
,111,杭州银泰线下门店,https://images-erp.sursung.com/prod/erp/ItemSku/10075491/20240110/A3D848B847964E4CA1EAD952DF92EA05./etmp/prod/10075491/17048645365188?name=16c95f89-fa8a-4b36-beaf-5fd98c10cbf8,R3410DJ695,R3410DJ6958412,韩版连帽羽绒面包服,紫咖色;120,1,runrungo,2023,冬,,849,
,111,杭州银泰线下门店,https://images-erp.sursung.com/prod/erp/ItemSku/10075491/20240110/F3D046193934490E82072DA71FF233E9./etmp/prod/10075491/17048645517736?name=83de1ebc-d08f-475d-8b09-a71e30131416,R3410DJ695,R3410DJ6958413,韩版连帽羽绒面包服,紫咖色;130,1,runrungo,2023,冬,,849,
,111,杭州银泰线下门店,https://images-erp.sursung.com/prod/erp/ItemSku/10075491/20240110/7D9C827DD5CF4C728F5295D80FD1BAEF./etmp/prod/10075491/17048645823423?name=2d072eb5-16f4-4033-81f1-ac7464c00b43,R3410DJ695,R3410DJ6958414,韩版连帽羽绒面包服,紫咖色;140,1,runrungo,2023,冬,,849,
,111,杭州银泰线下门店,https://images-erp.sursung.com/prod/erp/ItemSku/10075491/20240110/165754B9174E45E1A90E0AB5F9E7B890./etmp/prod/10075491/1704864597404a?name=27a18569-ef3a-4670-9c4c-a04783da170a,R3410DJ695,R3410DJ6958415,韩版连帽羽绒面包服,紫咖色;150,1,runrungo,2023,冬,,849,
,111,杭州银泰线下门店,https://images-erp.sursung.com/prod/erp/ItemSku/10075491/20240110/70CE0EF9DE664A29987D3E1793AD95ED./etmp/prod/10075491/17048646135078?name=746dcb51-2c8d-4168-aa95-380934fcf658,R3410DJ695,R3410DJ6958416,韩版连帽羽绒面包服,紫咖色;160,1,runrungo,2023,冬,,849,
,111,杭州银泰线下门店,https://images-erp.sursung.com/prod/erp/ItemSku/10075491/20240110/2889C0BD01114FB8A425BAA5C415909B./etmp/prod/10075491/17048646574428?name=c1fbf833-4fd5-4190-b406-704b3a2a9e68,R3410DJ695,R3410DJ6959912,韩版连帽羽绒面包服,黑色;120,1,runrungo,2023,冬,,849,
,111,杭州银泰线下门店,https://images-erp.sursung.com/prod/erp/ItemSku/10075491/20240110/DF22720BC24149D8881B286F5D2FFC38./etmp/prod/10075491/17048646793015?name=4e161cbc-5004-4dc3-9654-c2b79ad7b7c5,R3410DJ695,R3410DJ6959913,韩版连帽羽绒面包服,黑色;130,1,runrungo,2023,冬,,849,
,111,杭州银泰线下门店,https://images-erp.sursung.com/prod/erp/ItemSku/10075491/20240110/4847272C9159437D821305589A0281D0./etmp/prod/10075491/1704864694274e?name=93788053-01b3-4103-b687-48a3ed4bef5e,R3410DJ695,R3410DJ6959914,韩版连帽羽绒面包服,黑色;140,1,runrungo,2023,冬,,849,
,111,杭州银泰线下门店,https://images-erp.sursung.com/prod/erp/ItemSku/10075491/20240110/ED4270A2354B42F39EE3D9B502BE8E44./etmp/prod/10075491/17048647082500?name=48610cb0-ae55-43e2-98b6-8d68c8793fc0,R3410DJ695,R3410DJ6959915,韩版连帽羽绒面包服,黑色;150,1,runrungo,2023,冬,,849,
,111,杭州银泰线下门店,https://images-erp.sursung.com/prod/erp/ItemSku/10075491/20240110/A27E37FF7B574001B718402D3E08247A./etmp/prod/10075491/17048647367201?name=a6907265-caab-4754-b798-8700e0a44e41,R3410DJ695,R3410DJ6959917,韩版连帽羽绒面包服,黑色;170,1,runrungo,2023,冬,,849,
,111,杭州银泰线下门店,https://images.sursung.com/prod/icloud/10075491/20230922/ED4F6F0890A548469E914C457191D4A0_s171510_h800_w800.jpg,R3410DV675,R3410DV6752510,撞色连帽羽绒马甲,红色;100,1,runrungo,2023,冬,,299,
,111,杭州银泰线下门店,https://images.sursung.com/prod/icloud/10075491/20230922/ED4F6F0890A548469E914C457191D4A0_s171510_h800_w800.jpg,R3410DV675,R3410DV6752511,撞色连帽羽绒马甲,红色;110,1,runrungo,2023,冬,,299,
,111,杭州银泰线下门店,https://images.sursung.com/prod/icloud/10075491/20230922/ED4F6F0890A548469E914C457191D4A0_s171510_h800_w800.jpg,R3410DV675,R3410DV6752512,撞色连帽羽绒马甲,红色;120,1,runrungo,2023,冬,,299,
,111,杭州银泰线下门店,https://images.sursung.com/prod/icloud/10075491/20230922/ED4F6F0890A548469E914C457191D4A0_s171510_h800_w800.jpg,R3410DV675,R3410DV6752513,撞色连帽羽绒马甲,红色;130,1,runrungo,2023,冬,,299,
,111,杭州银泰线下门店,https://images.sursung.com/prod/icloud/10075491/20230922/ED4F6F0890A548469E914C457191D4A0_s171510_h800_w800.jpg,R3410DV675,R3410DV6752514,撞色连帽羽绒马甲,红色;140,1,runrungo,2023,冬,,299,
,111,杭州银泰线下门店,https://images.sursung.com/prod/icloud/10075491/20230922/ED4F6F0890A548469E914C457191D4A0_s171510_h800_w800.jpg,R3410DV675,R3410DV6752590,撞色连帽羽绒马甲,红色;90,1,runrungo,2023,冬,,299,
,111,杭州银泰线下门店,https://images.sursung.com/prod/icloud/10075491/20230922/C6146F54123C44AFB6C327AE96A0D44C_s184603_h800_w800.jpg,R3410DV675,R3410DV6755010,撞色连帽羽绒马甲,绿色;100,1,runrungo,2023,冬,,299,
,111,杭州银泰线下门店,https://images.sursung.com/prod/icloud/10075491/20230922/C6146F54123C44AFB6C327AE96A0D44C_s184603_h800_w800.jpg,R3410DV675,R3410DV6755011,撞色连帽羽绒马甲,绿色;110,1,runrungo,2023,冬,,299,
,111,杭州银泰线下门店,https://images.sursung.com/prod/icloud/10075491/20230922/C6146F54123C44AFB6C327AE96A0D44C_s184603_h800_w800.jpg,R3410DV675,R3410DV6755012,撞色连帽羽绒马甲,绿色;120,1,runrungo,2023,冬,,299,
,111,杭州银泰线下门店,https://images.sursung.com/prod/icloud/10075491/20230922/C6146F54123C44AFB6C327AE96A0D44C_s184603_h800_w800.jpg,R3410DV675,R3410DV6755013,撞色连帽羽绒马甲,绿色;130,1,runrungo,2023,冬,,299,
,111,杭州银泰线下门店,https://images.sursung.com/prod/icloud/10075491/20230922/C6146F54123C44AFB6C327AE96A0D44C_s184603_h800_w800.jpg,R3410DV675,R3410DV6755014,撞色连帽羽绒马甲,绿色;140,1,runrungo,2023,冬,,299,
,111,杭州银泰线下门店,https://images.sursung.com/prod/icloud/10075491/20230922/C6146F54123C44AFB6C327AE96A0D44C_s184603_h800_w800.jpg,R3410DV675,R3410DV6755090,撞色连帽羽绒马甲,绿色;90,1,runrungo,2023,冬,,299,
,111,杭州银泰线下门店,https://images.sursung.com/prod/icloud/10075491/20230922/EA7114E2C145415EB56A3782339C45B6_s185155_h800_w800.jpg,R3410DV675,R3410DV6759010,撞色连帽羽绒马甲,灰色;100,1,runrungo,2023,冬,,299,
,111,杭州银泰线下门店,https://images.sursung.com/prod/icloud/10075491/20230922/EA7114E2C145415EB56A3782339C45B6_s185155_h800_w800.jpg,R3410DV675,R3410DV6759011,撞色连帽羽绒马甲,灰色;110,1,runrungo,2023,冬,,299,
,111,杭州银泰线下门店,https://images.sursung.com/prod/icloud/10075491/20230922/EA7114E2C145415EB56A3782339C45B6_s185155_h800_w800.jpg,R3410DV675,R3410DV6759012,撞色连帽羽绒马甲,灰色;120,1,runrungo,2023,冬,,299,
,111,杭州银泰线下门店,https://images.sursung.com/prod/icloud/10075491/20230922/EA7114E2C145415EB56A3782339C45B6_s185155_h800_w800.jpg,R3410DV675,R3410DV6759013,撞色连帽羽绒马甲,灰色;130,1,runrungo,2023,冬,,299,
,111,杭州银泰线下门店,https://images.sursung.com/prod/icloud/10075491/20230922/EA7114E2C145415EB56A3782339C45B6_s185155_h800_w800.jpg,R3410DV675,R3410DV6759014,撞色连帽羽绒马甲,灰色;140,1,runrungo,2023,冬,,299,
,111,杭州银泰线下门店,https://images.sursung.com/prod/icloud/10075491/20230922/EA7114E2C145415EB56A3782339C45B6_s185155_h800_w800.jpg,R3410DV675,R3410DV6759090,撞色连帽羽绒马甲,灰色;90,1,runrungo,2023,冬,,299,
,111,杭州银泰线下门店,https://images.sursung.com/prod/item/10075491/20231220/9ED588697C7C44CEBA2C10634FCE9CA7_s211491_h800_w800.jpg,R3410HD693,R3410HD6930110,连帽加绒卫衣,米色;100,1,RUNRUNGO,2023,冬,,179,
,111,杭州银泰线下门店,https://images.sursung.com/prod/item/10075491/20231220/9ED588697C7C44CEBA2C10634FCE9CA7_s211491_h800_w800.jpg,R3410HD693,R3410HD6930111,连帽加绒卫衣,米色;110,1,RUNRUNGO,2023,冬,,179,
,111,杭州银泰线下门店,https://images.sursung.com/prod/item/10075491/20231220/9ED588697C7C44CEBA2C10634FCE9CA7_s211491_h800_w800.jpg,R3410HD693,R3410HD6930112,连帽加绒卫衣,米色;120,1,RUNRUNGO,2023,冬,,179,
,111,杭州银泰线下门店,https://images.sursung.com/prod/item/10075491/20231220/9ED588697C7C44CEBA2C10634FCE9CA7_s211491_h800_w800.jpg,R3410HD693,R3410HD6930113,连帽加绒卫衣,米色;130,1,RUNRUNGO,2023,冬,,179,
,111,杭州银泰线下门店,https://images.sursung.com/prod/item/10075491/20231220/9ED588697C7C44CEBA2C10634FCE9CA7_s211491_h800_w800.jpg,R3410HD693,R3410HD6930114,连帽加绒卫衣,米色;140,1,RUNRUNGO,2023,冬,,179,
,111,杭州银泰线下门店,https://images.sursung.com/prod/item/10075491/20231220/9ED588697C7C44CEBA2C10634FCE9CA7_s211491_h800_w800.jpg,R3410HD693,R3410HD6930115,连帽加绒卫衣,米色;150,1,RUNRUNGO,2023,冬,,179,
,111,杭州银泰线下门店,https://images.sursung.com/prod/item/10075491/20231220/9ED588697C7C44CEBA2C10634FCE9CA7_s211491_h800_w800.jpg,R3410HD693,R3410HD6930116,连帽加绒卫衣,米色;160,1,RUNRUNGO,2023,冬,,179,
,111,杭州银泰线下门店,https://images.sursung.com/prod/item/10075491/20231220/D1401BF2F58E4025846EF0D34DC7817D_s238276_h800_w800.jpg,R3410HD693,R3410HD6931110,连帽加绒卫衣,卡其色;100,1,RUNRUNGO,2023,冬,,179,
,111,杭州银泰线下门店,https://images.sursung.com/prod/item/10075491/20231220/D1401BF2F58E4025846EF0D34DC7817D_s238276_h800_w800.jpg,R3410HD693,R3410HD6931111,连帽加绒卫衣,卡其色;110,1,RUNRUNGO,2023,冬,,179,
,111,杭州银泰线下门店,https://images.sursung.com/prod/item/10075491/20231220/D1401BF2F58E4025846EF0D34DC7817D_s238276_h800_w800.jpg,R3410HD693,R3410HD6931112,连帽加绒卫衣,卡其色;120,1,RUNRUNGO,2023,冬,,179,
,111,杭州银泰线下门店,https://images.sursung.com/prod/item/10075491/20231220/D1401BF2F58E4025846EF0D34DC7817D_s238276_h800_w800.jpg,R3410HD693,R3410HD6931113,连帽加绒卫衣,卡其色;130,1,RUNRUNGO,2023,冬,,179,
,111,杭州银泰线下门店,https://images.sursung.com/prod/item/10075491/20231220/D1401BF2F58E4025846EF0D34DC7817D_s238276_h800_w800.jpg,R3410HD693,R3410HD6931114,连帽加绒卫衣,卡其色;140,1,RUNRUNGO,2023,冬,,179,
,111,杭州银泰线下门店,https://images.sursung.com/prod/item/10075491/20231220/D1401BF2F58E4025846EF0D34DC7817D_s238276_h800_w800.jpg,R3410HD693,R3410HD6931115,连帽加绒卫衣,卡其色;150,1,RUNRUNGO,2023,冬,,179,
,111,杭州银泰线下门店,https://images.sursung.com/prod/item/10075491/20231220/D1401BF2F58E4025846EF0D34DC7817D_s238276_h800_w800.jpg,R3410HD693,R3410HD6931116,连帽加绒卫衣,卡其色;160,1,RUNRUNGO,2023,冬,,179,
,111,杭州银泰线下门店,https://images.sursung.com/prod/fms/10075491/20231220/A79ED7D24D084E569D3EF209552B7F47_s256921_h800_w800.jpg,R3410HD693,R3410HD6932310,连帽加绒卫衣,橄榄绿;100,1,RUNRUNGO,2023,冬,,179,
,111,杭州银泰线下门店,https://images.sursung.com/prod/fms/10075491/20231220/A79ED7D24D084E569D3EF209552B7F47_s256921_h800_w800.jpg,R3410HD693,R3410HD6932311,连帽加绒卫衣,橄榄绿;110,1,RUNRUNGO,2023,冬,,179,
,111,杭州银泰线下门店,https://images.sursung.com/prod/fms/10075491/20231220/A79ED7D24D084E569D3EF209552B7F47_s256921_h800_w800.jpg,R3410HD693,R3410HD6932312,连帽加绒卫衣,橄榄绿;120,1,RUNRUNGO,2023,冬,,179,
,111,杭州银泰线下门店,https://images.sursung.com/prod/fms/10075491/20231220/A79ED7D24D084E569D3EF209552B7F47_s256921_h800_w800.jpg,R3410HD693,R3410HD6932313,连帽加绒卫衣,橄榄绿;130,1,RUNRUNGO,2023,冬,,179,
,111,杭州银泰线下门店,https://images.sursung.com/prod/fms/10075491/20231220/A79ED7D24D084E569D3EF209552B7F47_s256921_h800_w800.jpg,R3410HD693,R3410HD6932314,连帽加绒卫衣,橄榄绿;140,1,RUNRUNGO,2023,冬,,179,
,111,杭州银泰线下门店,https://images.sursung.com/prod/fms/10075491/20231220/A79ED7D24D084E569D3EF209552B7F47_s256921_h800_w800.jpg,R3410HD693,R3410HD6932315,连帽加绒卫衣,橄榄绿;150,1,RUNRUNGO,2023,冬,,179,
,111,杭州银泰线下门店,https://images.sursung.com/prod/fms/10075491/20231220/A79ED7D24D084E569D3EF209552B7F47_s256921_h800_w800.jpg,R3410HD693,R3410HD6932316,连帽加绒卫衣,橄榄绿;160,1,RUNRUNGO,2023,冬,,179,
,111,杭州银泰线下门店,https://images.sursung.com/prod/fms/10075491/20231220/FBC09589BD634876800C7BC6045BA92E_s255046_h800_w800.jpg,R3410HD693,R3410HD6932510,连帽加绒卫衣,红色;100,1,RUNRUNGO,2023,冬,,179,
,111,杭州银泰线下门店,https://images.sursung.com/prod/fms/10075491/20231220/FBC09589BD634876800C7BC6045BA92E_s255046_h800_w800.jpg,R3410HD693,R3410HD6932511,连帽加绒卫衣,红色;110,1,RUNRUNGO,2023,冬,,179,
,111,杭州银泰线下门店,https://images.sursung.com/prod/fms/10075491/20231220/1B813E67802D4B9394687FEF62F1772F_s227889_h800_w800.jpg,R3410HD693,R3410HD6935910,连帽加绒卫衣,灰绿色;100,1,RUNRUNGO,2023,冬,,179,
,111,杭州银泰线下门店,https://images.sursung.com/prod/fms/10075491/20231220/1B813E67802D4B9394687FEF62F1772F_s227889_h800_w800.jpg,R3410HD693,R3410HD6935911,连帽加绒卫衣,灰绿色;110,1,RUNRUNGO,2023,冬,,179,
,111,杭州银泰线下门店,https://images.sursung.com/prod/fms/10075491/20231220/1B813E67802D4B9394687FEF62F1772F_s227889_h800_w800.jpg,R3410HD693,R3410HD6935912,连帽加绒卫衣,灰绿色;120,1,RUNRUNGO,2023,冬,,179,
,111,杭州银泰线下门店,https://images.sursung.com/prod/fms/10075491/20231220/1B813E67802D4B9394687FEF62F1772F_s227889_h800_w800.jpg,R3410HD693,R3410HD6935913,连帽加绒卫衣,灰绿色;130,1,RUNRUNGO,2023,冬,,179,
,111,杭州银泰线下门店,https://images.sursung.com/prod/fms/10075491/20231220/1B813E67802D4B9394687FEF62F1772F_s227889_h800_w800.jpg,R3410HD693,R3410HD6935914,连帽加绒卫衣,灰绿色;140,1,RUNRUNGO,2023,冬,,179,
,111,杭州银泰线下门店,https://images.sursung.com/prod/fms/10075491/20231220/1B813E67802D4B9394687FEF62F1772F_s227889_h800_w800.jpg,R3410HD693,R3410HD6935915,连帽加绒卫衣,灰绿色;150,1,RUNRUNGO,2023,冬,,179,
,111,杭州银泰线下门店,https://images.sursung.com/prod/fms/10075491/20231220/1B813E67802D4B9394687FEF62F1772F_s227889_h800_w800.jpg,R3410HD693,R3410HD6935916,连帽加绒卫衣,灰绿色;160,1,RUNRUNGO,2023,冬,,179,
,111,杭州银泰线下门店,https://images.sursung.com/prod/fms/10075491/20231220/2AA3CCD0F55247318649F2180A7296A4_s245960_h800_w800.jpg,R3410HD693,R3410HD6939010,连帽加绒卫衣,灰色;100,1,RUNRUNGO,2023,冬,,179,
,111,杭州银泰线下门店,https://images.sursung.com/prod/fms/10075491/20231220/2AA3CCD0F55247318649F2180A7296A4_s245960_h800_w800.jpg,R3410HD693,R3410HD6939011,连帽加绒卫衣,灰色;110,1,RUNRUNGO,2023,冬,,179,
,111,杭州银泰线下门店,https://images.sursung.com/prod/fms/10075491/20231220/2AA3CCD0F55247318649F2180A7296A4_s245960_h800_w800.jpg,R3410HD693,R3410HD6939012,连帽加绒卫衣,灰色;120,1,RUNRUNGO,2023,冬,,179,
,111,杭州银泰线下门店,https://images.sursung.com/prod/fms/10075491/20231220/2AA3CCD0F55247318649F2180A7296A4_s245960_h800_w800.jpg,R3410HD693,R3410HD6939013,连帽加绒卫衣,灰色;130,1,RUNRUNGO,2023,冬,,179,
,111,杭州银泰线下门店,https://images.sursung.com/prod/fms/10075491/20231220/2AA3CCD0F55247318649F2180A7296A4_s245960_h800_w800.jpg,R3410HD693,R3410HD6939014,连帽加绒卫衣,灰色;140,1,RUNRUNGO,2023,冬,,179,
,111,杭州银泰线下门店,https://images.sursung.com/prod/fms/10075491/20231220/2AA3CCD0F55247318649F2180A7296A4_s245960_h800_w800.jpg,R3410HD693,R3410HD6939015,连帽加绒卫衣,灰色;150,1,RUNRUNGO,2023,冬,,179,
,111,杭州银泰线下门店,https://images.sursung.com/prod/fms/10075491/20231220/2AA3CCD0F55247318649F2180A7296A4_s245960_h800_w800.jpg,R3410HD693,R3410HD6939016,连帽加绒卫衣,灰色;160,1,RUNRUNGO,2023,冬,,179,
,111,杭州银泰线下门店,,R3410JC673,R3410JC6733928,羊羔毛拼袖外套,杏色;120,1,runrungo,2023,冬,,329,
,111,杭州银泰线下门店,,R3410JC673,R3410JC6733929,羊羔毛拼袖外套,杏色;130,1,runrungo,2023,冬,,329,
,111,杭州银泰线下门店,,R3410JC673,R3410JC6733930,羊羔毛拼袖外套,杏色;140,1,runrungo,2023,冬,,329,
,111,杭州银泰线下门店,,R3410JC673,R3410JC6733932,羊羔毛拼袖外套,杏色;160,1,runrungo,2023,冬,,329,
,111,杭州银泰线下门店,https://images.sursung.com/prod/icloud/10075491/20231227/15F7DB3CB1C64F5A9BFD6B99FC5096F9_s383313_h800_w800.jpg,R3410JC691,R3410JC6910910,可爽绒加绒外套,浅灰色;100,1,RUNRUNGO,2023,冬,,179,
,111,杭州银泰线下门店,https://images.sursung.com/prod/icloud/10075491/20231227/15F7DB3CB1C64F5A9BFD6B99FC5096F9_s383313_h800_w800.jpg,R3410JC691,R3410JC6910911,可爽绒加绒外套,浅灰色;110,1,RUNRUNGO,2023,冬,,179,
,111,杭州银泰线下门店,https://images.sursung.com/prod/icloud/10075491/20231227/15F7DB3CB1C64F5A9BFD6B99FC5096F9_s383313_h800_w800.jpg,R3410JC691,R3410JC6910912,可爽绒加绒外套,浅灰色;120,1,RUNRUNGO,2023,冬,,179,
,111,杭州银泰线下门店,https://images.sursung.com/prod/icloud/10075491/20231227/15F7DB3CB1C64F5A9BFD6B99FC5096F9_s383313_h800_w800.jpg,R3410JC691,R3410JC6910913,可爽绒加绒外套,浅灰色;130,1,RUNRUNGO,2023,冬,,179,
,111,杭州银泰线下门店,https://images.sursung.com/prod/icloud/10075491/20231227/15F7DB3CB1C64F5A9BFD6B99FC5096F9_s383313_h800_w800.jpg,R3410JC691,R3410JC6910914,可爽绒加绒外套,浅灰色;140,1,RUNRUNGO,2023,冬,,179,
,111,杭州银泰线下门店,https://images.sursung.com/prod/icloud/10075491/20231227/15F7DB3CB1C64F5A9BFD6B99FC5096F9_s383313_h800_w800.jpg,R3410JC691,R3410JC6910915,可爽绒加绒外套,浅灰色;150,1,RUNRUNGO,2023,冬,,179,
,111,杭州银泰线下门店,https://images.sursung.com/prod/icloud/10075491/20231227/15F7DB3CB1C64F5A9BFD6B99FC5096F9_s383313_h800_w800.jpg,R3410JC691,R3410JC6910916,可爽绒加绒外套,浅灰色;160,1,RUNRUNGO,2023,冬,,179,
,111,杭州银泰线下门店,https://images.sursung.com/prod/icloud/10075491/20231227/78322B932E0E49F0A8A0E032F6FCF010_s339662_h800_w800.jpg,R3410JC691,R3410JC6915410,可爽绒加绒外套,烟粉色;100,1,RUNRUNGO,2023,冬,,179,
,111,杭州银泰线下门店,https://images.sursung.com/prod/icloud/10075491/20231227/78322B932E0E49F0A8A0E032F6FCF010_s339662_h800_w800.jpg,R3410JC691,R3410JC6915411,可爽绒加绒外套,烟粉色;110,1,RUNRUNGO,2023,冬,,179,
,111,杭州银泰线下门店,https://images.sursung.com/prod/icloud/10075491/20231227/78322B932E0E49F0A8A0E032F6FCF010_s339662_h800_w800.jpg,R3410JC691,R3410JC6915412,可爽绒加绒外套,烟粉色;120,1,RUNRUNGO,2023,冬,,179,
,111,杭州银泰线下门店,https://images.sursung.com/prod/icloud/10075491/20231227/78322B932E0E49F0A8A0E032F6FCF010_s339662_h800_w800.jpg,R3410JC691,R3410JC6915413,可爽绒加绒外套,烟粉色;130,1,RUNRUNGO,2023,冬,,179,
,111,杭州银泰线下门店,https://images.sursung.com/prod/icloud/10075491/20231227/78322B932E0E49F0A8A0E032F6FCF010_s339662_h800_w800.jpg,R3410JC691,R3410JC6915414,可爽绒加绒外套,烟粉色;140,1,RUNRUNGO,2023,冬,,179,
,111,杭州银泰线下门店,https://images.sursung.com/prod/icloud/10075491/20231227/78322B932E0E49F0A8A0E032F6FCF010_s339662_h800_w800.jpg,R3410JC691,R3410JC6915415,可爽绒加绒外套,烟粉色;150,1,RUNRUNGO,2023,冬,,179,
,111,杭州银泰线下门店,https://images.sursung.com/prod/icloud/10075491/20231227/78322B932E0E49F0A8A0E032F6FCF010_s339662_h800_w800.jpg,R3410JC691,R3410JC6915416,可爽绒加绒外套,烟粉色;160,1,RUNRUNGO,2023,冬,,179,
,111,杭州银泰线下门店,https://images.sursung.com/prod/icloud/10075491/20231227/2CBE420D3A594E20AEAB8C53B74233DE_s353521_h800_w800.jpg,R3410JC691,R3410JC6916210,可爽绒加绒外套,牛油果绿;100,1,RUNRUNGO,2023,冬,,179,
,111,杭州银泰线下门店,https://images.sursung.com/prod/icloud/10075491/20231227/2CBE420D3A594E20AEAB8C53B74233DE_s353521_h800_w800.jpg,R3410JC691,R3410JC6916211,可爽绒加绒外套,牛油果绿;110,1,RUNRUNGO,2023,冬,,179,
,111,杭州银泰线下门店,https://images.sursung.com/prod/icloud/10075491/20231227/2CBE420D3A594E20AEAB8C53B74233DE_s353521_h800_w800.jpg,R3410JC691,R3410JC6916212,可爽绒加绒外套,牛油果绿;120,1,RUNRUNGO,2023,冬,,179,
,111,杭州银泰线下门店,https://images.sursung.com/prod/icloud/10075491/20231227/2CBE420D3A594E20AEAB8C53B74233DE_s353521_h800_w800.jpg,R3410JC691,R3410JC6916213,可爽绒加绒外套,牛油果绿;130,1,RUNRUNGO,2023,冬,,179,
,111,杭州银泰线下门店,https://images.sursung.com/prod/icloud/10075491/20231227/2CBE420D3A594E20AEAB8C53B74233DE_s353521_h800_w800.jpg,R3410JC691,R3410JC6916214,可爽绒加绒外套,牛油果绿;140,1,RUNRUNGO,2023,冬,,179,
,111,杭州银泰线下门店,https://images.sursung.com/prod/icloud/10075491/20231227/2CBE420D3A594E20AEAB8C53B74233DE_s353521_h800_w800.jpg,R3410JC691,R3410JC6916215,可爽绒加绒外套,牛油果绿;150,1,RUNRUNGO,2023,冬,,179,
,111,杭州银泰线下门店,https://images.sursung.com/prod/icloud/10075491/20231227/2CBE420D3A594E20AEAB8C53B74233DE_s353521_h800_w800.jpg,R3410JC691,R3410JC6916216,可爽绒加绒外套,牛油果绿;160,1,RUNRUNGO,2023,冬,,179,
,111,杭州银泰线下门店,https://images.sursung.com/prod/icloud/10075491/20231227/B084C33840C9446D8C2AFE3AB8A6420E_s314280_h800_w800.jpg,R3410SS692,R3410SS6923410,加绒卫衣,咖米色;100,1,RUNRUNGO,2023,冬,,169,
,111,杭州银泰线下门店,https://images.sursung.com/prod/icloud/10075491/20231227/B084C33840C9446D8C2AFE3AB8A6420E_s314280_h800_w800.jpg,R3410SS692,R3410SS6923411,加绒卫衣,咖米色;110,1,RUNRUNGO,2023,冬,,169,
,111,杭州银泰线下门店,https://images.sursung.com/prod/icloud/10075491/20231227/B084C33840C9446D8C2AFE3AB8A6420E_s314280_h800_w800.jpg,R3410SS692,R3410SS6923412,加绒卫衣,咖米色;120,1,RUNRUNGO,2023,冬,,169,
,111,杭州银泰线下门店,https://images.sursung.com/prod/icloud/10075491/20231227/B084C33840C9446D8C2AFE3AB8A6420E_s314280_h800_w800.jpg,R3410SS692,R3410SS6923413,加绒卫衣,咖米色;130,1,RUNRUNGO,2023,冬,,169,
,111,杭州银泰线下门店,https://images.sursung.com/prod/icloud/10075491/20231227/B084C33840C9446D8C2AFE3AB8A6420E_s314280_h800_w800.jpg,R3410SS692,R3410SS6923414,加绒卫衣,咖米色;140,1,RUNRUNGO,2023,冬,,169,
,111,杭州银泰线下门店,https://images.sursung.com/prod/icloud/10075491/20231227/B084C33840C9446D8C2AFE3AB8A6420E_s314280_h800_w800.jpg,R3410SS692,R3410SS6923415,加绒卫衣,咖米色;150,1,RUNRUNGO,2023,冬,,169,
,111,杭州银泰线下门店,https://images.sursung.com/prod/icloud/10075491/20231227/B084C33840C9446D8C2AFE3AB8A6420E_s314280_h800_w800.jpg,R3410SS692,R3410SS6923416,加绒卫衣,咖米色;160,1,RUNRUNGO,2023,冬,,169,
,111,杭州银泰线下门店,https://images.sursung.com/prod/icloud/10075491/20231227/3AD922DC18B74C158492AF0240F74D20_s354339_h800_w800.jpg,R3410SS692,R3410SS6923510,加绒卫衣,绿咖色;100,1,RUNRUNGO,2023,冬,,169,
,111,杭州银泰线下门店,https://images.sursung.com/prod/icloud/10075491/20231227/3AD922DC18B74C158492AF0240F74D20_s354339_h800_w800.jpg,R3410SS692,R3410SS6923511,加绒卫衣,绿咖色;110,1,RUNRUNGO,2023,冬,,169,
,111,杭州银泰线下门店,https://images.sursung.com/prod/icloud/10075491/20231227/3AD922DC18B74C158492AF0240F74D20_s354339_h800_w800.jpg,R3410SS692,R3410SS6923512,加绒卫衣,绿咖色;120,1,RUNRUNGO,2023,冬,,169,
,111,杭州银泰线下门店,https://images.sursung.com/prod/icloud/10075491/20231227/3AD922DC18B74C158492AF0240F74D20_s354339_h800_w800.jpg,R3410SS692,R3410SS6923513,加绒卫衣,绿咖色;130,1,RUNRUNGO,2023,冬,,169,
,111,杭州银泰线下门店,https://images.sursung.com/prod/icloud/10075491/20231227/3AD922DC18B74C158492AF0240F74D20_s354339_h800_w800.jpg,R3410SS692,R3410SS6923514,加绒卫衣,绿咖色;140,1,RUNRUNGO,2023,冬,,169,
,111,杭州银泰线下门店,https://images.sursung.com/prod/icloud/10075491/20231227/3AD922DC18B74C158492AF0240F74D20_s354339_h800_w800.jpg,R3410SS692,R3410SS6923515,加绒卫衣,绿咖色;150,1,RUNRUNGO,2023,冬,,169,
,111,杭州银泰线下门店,https://images.sursung.com/prod/icloud/10075491/20231227/3AD922DC18B74C158492AF0240F74D20_s354339_h800_w800.jpg,R3410SS692,R3410SS6923516,加绒卫衣,绿咖色;160,1,RUNRUNGO,2023,冬,,169,
,111,杭州银泰线下门店,https://images.sursung.com/prod/icloud/10075491/20231227/E1845BAA2A9649618691D47158FDCF43_s353895_h800_w800.jpg,R3410SS692,R3410SS6923610,加绒卫衣,蓝色兔子;100,1,RUNRUNGO,2023,冬,,169,
,111,杭州银泰线下门店,https://images.sursung.com/prod/icloud/10075491/20231227/E1845BAA2A9649618691D47158FDCF43_s353895_h800_w800.jpg,R3410SS692,R3410SS6923611,加绒卫衣,蓝色兔子;110,1,RUNRUNGO,2023,冬,,169,
,111,杭州银泰线下门店,https://images.sursung.com/prod/icloud/10075491/20231227/E1845BAA2A9649618691D47158FDCF43_s353895_h800_w800.jpg,R3410SS692,R3410SS6923612,加绒卫衣,蓝色兔子;120,1,RUNRUNGO,2023,冬,,169,
,111,杭州银泰线下门店,https://images.sursung.com/prod/icloud/10075491/20231227/E1845BAA2A9649618691D47158FDCF43_s353895_h800_w800.jpg,R3410SS692,R3410SS6923613,加绒卫衣,蓝色兔子;130,1,RUNRUNGO,2023,冬,,169,
,111,杭州银泰线下门店,https://images.sursung.com/prod/icloud/10075491/20231227/E1845BAA2A9649618691D47158FDCF43_s353895_h800_w800.jpg,R3410SS692,R3410SS6923614,加绒卫衣,蓝色兔子;140,1,RUNRUNGO,2023,冬,,169,
,111,杭州银泰线下门店,https://images.sursung.com/prod/icloud/10075491/20231227/E1845BAA2A9649618691D47158FDCF43_s353895_h800_w800.jpg,R3410SS692,R3410SS6923615,加绒卫衣,蓝色兔子;150,1,RUNRUNGO,2023,冬,,169,
,111,杭州银泰线下门店,https://images.sursung.com/prod/icloud/10075491/20231227/E1845BAA2A9649618691D47158FDCF43_s353895_h800_w800.jpg,R3410SS692,R3410SS6923616,加绒卫衣,蓝色兔子;160,1,RUNRUNGO,2023,冬,,169,
,111,杭州银泰线下门店,https://images.sursung.com/prod/icloud/10075491/20231227/344B242DC5EE4C0BBA37104AC526FB24_s392303_h800_w800.jpg,R3410SS692,R3410SS6923710,加绒卫衣,黑粉狗狗;100,1,RUNRUNGO,2023,冬,,169,
,111,杭州银泰线下门店,https://images.sursung.com/prod/icloud/10075491/20231227/344B242DC5EE4C0BBA37104AC526FB24_s392303_h800_w800.jpg,R3410SS692,R3410SS6923711,加绒卫衣,黑粉狗狗;110,1,RUNRUNGO,2023,冬,,169,
,111,杭州银泰线下门店,https://images.sursung.com/prod/icloud/10075491/20231227/344B242DC5EE4C0BBA37104AC526FB24_s392303_h800_w800.jpg,R3410SS692,R3410SS6923712,加绒卫衣,黑粉狗狗;120,1,RUNRUNGO,2023,冬,,169,
,111,杭州银泰线下门店,https://images.sursung.com/prod/icloud/10075491/20231227/344B242DC5EE4C0BBA37104AC526FB24_s392303_h800_w800.jpg,R3410SS692,R3410SS6923713,加绒卫衣,黑粉狗狗;130,1,RUNRUNGO,2023,冬,,169,
,111,杭州银泰线下门店,https://images.sursung.com/prod/icloud/10075491/20231227/344B242DC5EE4C0BBA37104AC526FB24_s392303_h800_w800.jpg,R3410SS692,R3410SS6923714,加绒卫衣,黑粉狗狗;140,1,RUNRUNGO,2023,冬,,169,
,111,杭州银泰线下门店,https://images.sursung.com/prod/icloud/10075491/20231227/344B242DC5EE4C0BBA37104AC526FB24_s392303_h800_w800.jpg,R3410SS692,R3410SS6923715,加绒卫衣,黑粉狗狗;150,1,RUNRUNGO,2023,冬,,169,
,111,杭州银泰线下门店,https://images.sursung.com/prod/icloud/10075491/20231227/344B242DC5EE4C0BBA37104AC526FB24_s392303_h800_w800.jpg,R3410SS692,R3410SS6923716,加绒卫衣,黑粉狗狗;160,1,RUNRUNGO,2023,冬,,169,
,111,杭州银泰线下门店,https://images.sursung.com/prod/icloud/10075491/20231227/44FFD11B27FD4BD0B688DB1666F65266_s296609_h800_w800.jpg,R3410SS692,R3410SS6923810,加绒卫衣,黑灰小熊;100,1,RUNRUNGO,2023,冬,,169,
,111,杭州银泰线下门店,https://images.sursung.com/prod/icloud/10075491/20231227/44FFD11B27FD4BD0B688DB1666F65266_s296609_h800_w800.jpg,R3410SS692,R3410SS6923811,加绒卫衣,黑灰小熊;110,1,RUNRUNGO,2023,冬,,169,
,111,杭州银泰线下门店,https://images.sursung.com/prod/icloud/10075491/20231227/44FFD11B27FD4BD0B688DB1666F65266_s296609_h800_w800.jpg,R3410SS692,R3410SS6923812,加绒卫衣,黑灰小熊;120,1,RUNRUNGO,2023,冬,,169,
,111,杭州银泰线下门店,https://images.sursung.com/prod/icloud/10075491/20231227/44FFD11B27FD4BD0B688DB1666F65266_s296609_h800_w800.jpg,R3410SS692,R3410SS6923813,加绒卫衣,黑灰小熊;130,1,RUNRUNGO,2023,冬,,169,
,111,杭州银泰线下门店,https://images.sursung.com/prod/icloud/10075491/20231227/44FFD11B27FD4BD0B688DB1666F65266_s296609_h800_w800.jpg,R3410SS692,R3410SS6923814,加绒卫衣,黑灰小熊;140,1,RUNRUNGO,2023,冬,,169,
,111,杭州银泰线下门店,https://images.sursung.com/prod/icloud/10075491/20231227/44FFD11B27FD4BD0B688DB1666F65266_s296609_h800_w800.jpg,R3410SS692,R3410SS6923815,加绒卫衣,黑灰小熊;150,1,RUNRUNGO,2023,冬,,169,
,111,杭州银泰线下门店,https://images.sursung.com/prod/icloud/10075491/20231227/44FFD11B27FD4BD0B688DB1666F65266_s296609_h800_w800.jpg,R3410SS692,R3410SS6923816,加绒卫衣,黑灰小熊;160,1,RUNRUNGO,2023,冬,,169,
,111,杭州银泰线下门店,https://images.sursung.com/prod/icloud/10075491/20231227/F6A8469D2C9F499489D8A16423ECD20D_s386387_h800_w800.jpg,R3410SS692,R3410SS6923910,加绒卫衣,米黄喵喵;100,1,RUNRUNGO,2023,冬,,169,
,111,杭州银泰线下门店,https://images.sursung.com/prod/icloud/10075491/20231227/F6A8469D2C9F499489D8A16423ECD20D_s386387_h800_w800.jpg,R3410SS692,R3410SS6923911,加绒卫衣,米黄喵喵;110,1,RUNRUNGO,2023,冬,,169,
,111,杭州银泰线下门店,https://images.sursung.com/prod/icloud/10075491/20231227/F6A8469D2C9F499489D8A16423ECD20D_s386387_h800_w800.jpg,R3410SS692,R3410SS6923912,加绒卫衣,米黄喵喵;120,1,RUNRUNGO,2023,冬,,169,
,111,杭州银泰线下门店,https://images.sursung.com/prod/icloud/10075491/20231227/F6A8469D2C9F499489D8A16423ECD20D_s386387_h800_w800.jpg,R3410SS692,R3410SS6923913,加绒卫衣,米黄喵喵;130,1,RUNRUNGO,2023,冬,,169,
,111,杭州银泰线下门店,https://images.sursung.com/prod/icloud/10075491/20231227/F6A8469D2C9F499489D8A16423ECD20D_s386387_h800_w800.jpg,R3410SS692,R3410SS6923914,加绒卫衣,米黄喵喵;140,1,RUNRUNGO,2023,冬,,169,
,111,杭州银泰线下门店,https://images.sursung.com/prod/icloud/10075491/20231227/F6A8469D2C9F499489D8A16423ECD20D_s386387_h800_w800.jpg,R3410SS692,R3410SS6923915,加绒卫衣,米黄喵喵;150,1,RUNRUNGO,2023,冬,,169,
,111,杭州银泰线下门店,https://images.sursung.com/prod/icloud/10075491/20231227/F6A8469D2C9F499489D8A16423ECD20D_s386387_h800_w800.jpg,R3410SS692,R3410SS6923916,加绒卫衣,米黄喵喵;160,1,RUNRUNGO,2023,冬,,169,
,111,杭州银泰线下门店,,R3410SW703,R3410SW7030111,白茶甜心毛衣,米色;110,1,runrungo,2023,冬,,259,
,111,杭州银泰线下门店,,R3410SW703,R3410SW7030112,白茶甜心毛衣,米色;120,1,runrungo,2023,冬,,259,
,111,杭州银泰线下门店,,R3410SW703,R3410SW7030113,白茶甜心毛衣,米色;130,1,runrungo,2023,冬,,259,
,111,杭州银泰线下门店,,R3410SW703,R3410SW7030114,白茶甜心毛衣,米色;140,1,runrungo,2023,冬,,259,
,111,杭州银泰线下门店,,R3410SW703,R3410SW7030115,白茶甜心毛衣,米色;150,1,runrungo,2023,冬,,259,
,111,杭州银泰线下门店,https://images.sursung.com/prod/icloud/10075491/20231227/084BFC1CC32D4A83A7581B5F387BC1A5_s395668_h800_w800.jpg,R3410SW704,R3410SW7040011,陪伴爱心毛衣,白色;110,1,runrungo,2023,冬,,199,
,111,杭州银泰线下门店,https://images.sursung.com/prod/icloud/10075491/20231227/084BFC1CC32D4A83A7581B5F387BC1A5_s395668_h800_w800.jpg,R3410SW704,R3410SW7040012,陪伴爱心毛衣,白色;120,1,runrungo,2023,冬,,199,
,111,杭州银泰线下门店,https://images.sursung.com/prod/icloud/10075491/20231227/FB9D04BF373A44A6AAAAF677BAE3D4A3_s489609_h800_w800.jpg,R3410SW704,R3410SW7049011,陪伴爱心毛衣,灰色;110,1,runrungo,2023,冬,,199,
,111,杭州银泰线下门店,https://images.sursung.com/prod/icloud/10075491/20231227/FB9D04BF373A44A6AAAAF677BAE3D4A3_s489609_h800_w800.jpg,R3410SW704,R3410SW7049012,陪伴爱心毛衣,灰色;120,1,runrungo,2023,冬,,199,
,111,杭州银泰线下门店,https://images.sursung.com/prod/icloud/10075491/20231227/05E330016DDF43148546C098B65106A7_s740103_h1494_w1000.jpg,R3410SW705,R3410SW7050111,新年赞诗毛衣,米色;110,1,runrungo,2023,冬,,269,
,111,杭州银泰线下门店,https://images.sursung.com/prod/icloud/10075491/20231227/05E330016DDF43148546C098B65106A7_s740103_h1494_w1000.jpg,R3410SW705,R3410SW7050112,新年赞诗毛衣,米色;120,1,runrungo,2023,冬,,269,
,111,杭州银泰线下门店,https://images.sursung.com/prod/icloud/10075491/20231227/05E330016DDF43148546C098B65106A7_s740103_h1494_w1000.jpg,R3410SW705,R3410SW7050113,新年赞诗毛衣,米色;130,1,runrungo,2023,冬,,269,
,111,杭州银泰线下门店,https://images.sursung.com/prod/icloud/10075491/20231227/05E330016DDF43148546C098B65106A7_s740103_h1494_w1000.jpg,R3410SW705,R3410SW7050114,新年赞诗毛衣,米色;140,1,runrungo,2023,冬,,269,
,111,杭州银泰线下门店,https://images.sursung.com/prod/icloud/10075491/20231227/05E330016DDF43148546C098B65106A7_s740103_h1494_w1000.jpg,R3410SW705,R3410SW7050115,新年赞诗毛衣,米色;150,1,runrungo,2023,冬,,269,
,111,杭州银泰线下门店,https://images.sursung.com/prod/icloud/10075491/20231227/2ED0A33746A748248832FECB17242D05_s714636_h1491_w1000.jpg,R3410SW705,R3410SW7050211,新年赞诗毛衣,粉色;110,1,runrungo,2023,冬,,269,
,111,杭州银泰线下门店,https://images.sursung.com/prod/icloud/10075491/20231227/2ED0A33746A748248832FECB17242D05_s714636_h1491_w1000.jpg,R3410SW705,R3410SW7050212,新年赞诗毛衣,粉色;120,1,runrungo,2023,冬,,269,
,111,杭州银泰线下门店,https://images.sursung.com/prod/icloud/10075491/20231227/2ED0A33746A748248832FECB17242D05_s714636_h1491_w1000.jpg,R3410SW705,R3410SW7050213,新年赞诗毛衣,粉色;130,1,runrungo,2023,冬,,269,
,111,杭州银泰线下门店,https://images.sursung.com/prod/icloud/10075491/20231227/2ED0A33746A748248832FECB17242D05_s714636_h1491_w1000.jpg,R3410SW705,R3410SW7050214,新年赞诗毛衣,粉色;140,1,runrungo,2023,冬,,269,
,111,杭州银泰线下门店,https://images.sursung.com/prod/icloud/10075491/20231227/1F2D0803C7524FA489E213A681A20394_s718105_h1487_w1000.jpg,R3410SW705,R3410SW7052511,新年赞诗毛衣,红色;110,1,runrungo,2023,冬,,269,
,111,杭州银泰线下门店,https://images.sursung.com/prod/icloud/10075491/20231227/1F2D0803C7524FA489E213A681A20394_s718105_h1487_w1000.jpg,R3410SW705,R3410SW7052512,新年赞诗毛衣,红色;120,1,runrungo,2023,冬,,269,
,111,杭州银泰线下门店,https://images.sursung.com/prod/icloud/10075491/20231227/1F2D0803C7524FA489E213A681A20394_s718105_h1487_w1000.jpg,R3410SW705,R3410SW7052513,新年赞诗毛衣,红色;130,1,runrungo,2023,冬,,269,
,111,杭州银泰线下门店,https://images.sursung.com/prod/icloud/10075491/20231227/1F2D0803C7524FA489E213A681A20394_s718105_h1487_w1000.jpg,R3410SW705,R3410SW7052514,新年赞诗毛衣,红色;140,1,runrungo,2023,冬,,269,
,111,杭州银泰线下门店,https://images.sursung.com/prod/icloud/10075491/20231227/1F2D0803C7524FA489E213A681A20394_s718105_h1487_w1000.jpg,R3410SW705,R3410SW7052515,新年赞诗毛衣,红色;150,1,runrungo,2023,冬,,269,
,111,杭州银泰线下门店,https://images.sursung.com/prod/icloud/10075491/20231227/01434278DD964696BCB0E3A49C983852_s224977_h800_w800.jpg,R3410SW706,R3410SW7060111,雪国smow毛衣,米色;110,1,runrungo,2023,冬,,279,
,111,杭州银泰线下门店,https://images.sursung.com/prod/icloud/10075491/20231227/01434278DD964696BCB0E3A49C983852_s224977_h800_w800.jpg,R3410SW706,R3410SW7060113,雪国smow毛衣,米色;130,1,runrungo,2023,冬,,279,
,111,杭州银泰线下门店,https://images.sursung.com/prod/icloud/10075491/20231227/01434278DD964696BCB0E3A49C983852_s224977_h800_w800.jpg,R3410SW706,R3410SW7060115,雪国smow毛衣,米色;150,1,runrungo,2023,冬,,279,
,111,杭州银泰线下门店,https://images.sursung.com/prod/icloud/10075491/20231227/77F1667B344B4F7BB0CE59C8FD3F5818_s246777_h800_w800.jpg,R3410SW706,R3410SW7062511,雪国smow毛衣,红色;110,1,runrungo,2023,冬,,279,
,111,杭州银泰线下门店,https://images.sursung.com/prod/icloud/10075491/20231227/77F1667B344B4F7BB0CE59C8FD3F5818_s246777_h800_w800.jpg,R3410SW706,R3410SW7062512,雪国smow毛衣,红色;120,1,runrungo,2023,冬,,279,
,111,杭州银泰线下门店,https://images.sursung.com/prod/icloud/10075491/20231227/77F1667B344B4F7BB0CE59C8FD3F5818_s246777_h800_w800.jpg,R3410SW706,R3410SW7062513,雪国smow毛衣,红色;130,1,runrungo,2023,冬,,279,
,111,杭州银泰线下门店,https://images.sursung.com/prod/icloud/10075491/20231227/77F1667B344B4F7BB0CE59C8FD3F5818_s246777_h800_w800.jpg,R3410SW706,R3410SW7062514,雪国smow毛衣,红色;140,1,runrungo,2023,冬,,279,
,111,杭州银泰线下门店,https://images.sursung.com/prod/icloud/10075491/20231227/77F1667B344B4F7BB0CE59C8FD3F5818_s246777_h800_w800.jpg,R3410SW706,R3410SW7062515,雪国smow毛衣,红色;150,1,runrungo,2023,冬,,279,
,111,杭州银泰线下门店,https://images.sursung.com/prod/icloud/10075491/20231227/385C81076F4C422CB5098BE2F3B03776_s376694_h800_w800.jpg,R3410SW708,R3410SW7080014,小熊日记毛衣,白色;140,1,runrungo,2023,冬,,219,
,111,杭州银泰线下门店,https://images.sursung.com/prod/icloud/10075491/20231227/385C81076F4C422CB5098BE2F3B03776_s376694_h800_w800.jpg,R3410SW708,R3410SW7080015,小熊日记毛衣,白色;150,1,runrungo,2023,冬,,219,
,111,杭州银泰线下门店,,R3410SW711,R3410SW7110011,果汁软糖毛衣,白色;110,1,runrungo,2023,冬,,219,
,111,杭州银泰线下门店,,R3410SW711,R3410SW7110012,果汁软糖毛衣,白色;120,1,runrungo,2023,冬,,219,
,111,杭州银泰线下门店,,R3410SW711,R3410SW7110013,果汁软糖毛衣,白色;130,1,runrungo,2023,冬,,219,
,111,杭州银泰线下门店,,R3410SW711,R3410SW7110014,果汁软糖毛衣,白色;140,1,runrungo,2023,冬,,219,
,111,杭州银泰线下门店,,R3410SW711,R3410SW7110015,果汁软糖毛衣,白色;150,1,runrungo,2023,冬,,219,
,111,杭州银泰线下门店,https://images.sursung.com/prod/icloud/10075491/20231227/8865C8AB226240CC8FA94A1240319A60_s206133_h800_w800.jpg,R3410TR678,R3410TR6783710,可爽绒卫裤加厚款,湖蓝色;100,2,runrungo,2023,冬,,159,
,111,杭州银泰线下门店,https://images.sursung.com/prod/icloud/10075491/20231227/8865C8AB226240CC8FA94A1240319A60_s206133_h800_w800.jpg,R3410TR678,R3410TR6783711,可爽绒卫裤加厚款,湖蓝色;110,2,runrungo,2023,冬,,159,
,111,杭州银泰线下门店,https://images.sursung.com/prod/icloud/10075491/20231227/8865C8AB226240CC8FA94A1240319A60_s206133_h800_w800.jpg,R3410TR678,R3410TR6783712,可爽绒卫裤加厚款,湖蓝色;120,2,runrungo,2023,冬,,159,
,111,杭州银泰线下门店,https://images.sursung.com/prod/icloud/10075491/20231227/8865C8AB226240CC8FA94A1240319A60_s206133_h800_w800.jpg,R3410TR678,R3410TR6783713,可爽绒卫裤加厚款,湖蓝色;130,2,runrungo,2023,冬,,159,
,111,杭州银泰线下门店,https://images.sursung.com/prod/icloud/10075491/20231227/8865C8AB226240CC8FA94A1240319A60_s206133_h800_w800.jpg,R3410TR678,R3410TR6783714,可爽绒卫裤加厚款,湖蓝色;140,2,runrungo,2023,冬,,159,
,111,杭州银泰线下门店,https://images.sursung.com/prod/icloud/10075491/20231227/8865C8AB226240CC8FA94A1240319A60_s206133_h800_w800.jpg,R3410TR678,R3410TR6783715,可爽绒卫裤加厚款,湖蓝色;150,2,runrungo,2023,冬,,159,
,111,杭州银泰线下门店,https://images.sursung.com/prod/icloud/10075491/20231227/8865C8AB226240CC8FA94A1240319A60_s206133_h800_w800.jpg,R3410TR678,R3410TR6783716,可爽绒卫裤加厚款,湖蓝色;160,2,runrungo,2023,冬,,159,
,111,杭州银泰线下门店,https://images.sursung.com/prod/icloud/10075491/20231227/B4E725E5A57748B196A7D0EA07E4FF03_s185273_h800_w800.jpg,R3410TR678,R3410TR6784610,可爽绒卫裤加厚款,棕色;100,2,runrungo,2023,冬,,159,
,111,杭州银泰线下门店,https://images.sursung.com/prod/icloud/10075491/20231227/B4E725E5A57748B196A7D0EA07E4FF03_s185273_h800_w800.jpg,R3410TR678,R3410TR6784611,可爽绒卫裤加厚款,棕色;110,2,runrungo,2023,冬,,159,
,111,杭州银泰线下门店,https://images.sursung.com/prod/icloud/10075491/20231227/B4E725E5A57748B196A7D0EA07E4FF03_s185273_h800_w800.jpg,R3410TR678,R3410TR6784612,可爽绒卫裤加厚款,棕色;120,2,runrungo,2023,冬,,159,
,111,杭州银泰线下门店,https://images.sursung.com/prod/icloud/10075491/20231227/B4E725E5A57748B196A7D0EA07E4FF03_s185273_h800_w800.jpg,R3410TR678,R3410TR6784613,可爽绒卫裤加厚款,棕色;130,2,runrungo,2023,冬,,159,
,111,杭州银泰线下门店,https://images.sursung.com/prod/icloud/10075491/20231227/B4E725E5A57748B196A7D0EA07E4FF03_s185273_h800_w800.jpg,R3410TR678,R3410TR6784614,可爽绒卫裤加厚款,棕色;140,2,runrungo,2023,冬,,159,
,111,杭州银泰线下门店,https://images.sursung.com/prod/icloud/10075491/20231227/B4E725E5A57748B196A7D0EA07E4FF03_s185273_h800_w800.jpg,R3410TR678,R3410TR6784615,可爽绒卫裤加厚款,棕色;150,2,runrungo,2023,冬,,159,
,111,杭州银泰线下门店,https://images.sursung.com/prod/icloud/10075491/20231227/B4E725E5A57748B196A7D0EA07E4FF03_s185273_h800_w800.jpg,R3410TR678,R3410TR6784616,可爽绒卫裤加厚款,棕色;160,2,runrungo,2023,冬,,159,
,111,杭州银泰线下门店,https://images.sursung.com/prod/icloud/10075491/20231227/FD0607E827874CA195FEE8F4FD807FAF_s180267_h800_w800.jpg,R3410TR678,R3410TR6789010,可爽绒卫裤加厚款,灰色;100,2,runrungo,2023,冬,,159,
,111,杭州银泰线下门店,https://images.sursung.com/prod/icloud/10075491/20231227/FD0607E827874CA195FEE8F4FD807FAF_s180267_h800_w800.jpg,R3410TR678,R3410TR6789011,可爽绒卫裤加厚款,灰色;110,2,runrungo,2023,冬,,159,
,111,杭州银泰线下门店,https://images.sursung.com/prod/icloud/10075491/20231227/FD0607E827874CA195FEE8F4FD807FAF_s180267_h800_w800.jpg,R3410TR678,R3410TR6789012,可爽绒卫裤加厚款,灰色;120,2,runrungo,2023,冬,,159,
,111,杭州银泰线下门店,https://images.sursung.com/prod/icloud/10075491/20231227/FD0607E827874CA195FEE8F4FD807FAF_s180267_h800_w800.jpg,R3410TR678,R3410TR6789013,可爽绒卫裤加厚款,灰色;130,2,runrungo,2023,冬,,159,
,111,杭州银泰线下门店,https://images.sursung.com/prod/icloud/10075491/20231227/FD0607E827874CA195FEE8F4FD807FAF_s180267_h800_w800.jpg,R3410TR678,R3410TR6789014,可爽绒卫裤加厚款,灰色;140,2,runrungo,2023,冬,,159,
,111,杭州银泰线下门店,https://images.sursung.com/prod/icloud/10075491/20231227/FD0607E827874CA195FEE8F4FD807FAF_s180267_h800_w800.jpg,R3410TR678,R3410TR6789015,可爽绒卫裤加厚款,灰色;150,2,runrungo,2023,冬,,159,
,111,杭州银泰线下门店,https://images.sursung.com/prod/icloud/10075491/20231227/FD0607E827874CA195FEE8F4FD807FAF_s180267_h800_w800.jpg,R3410TR678,R3410TR6789016,可爽绒卫裤加厚款,灰色;160,2,runrungo,2023,冬,,159,
,111,杭州银泰线下门店,,R3410TR678,R3410TR6789211,可爽绒卫裤加厚款,麦黄色;110,2,runrungo,2023,冬,,159,
,111,杭州银泰线下门店,,R3410TR678,R3410TR6789213,可爽绒卫裤加厚款,麦黄色;130,2,runrungo,2023,冬,,159,
,111,杭州银泰线下门店,https://images.sursung.com/prod/icloud/10075491/20231227/B987ECF6E70E45769EE6D0B0CC071B33_s509511_h800_w800.jpg,R3410TR678,R3410TR6789510,可爽绒卫裤加厚款,深灰色;100,2,runrungo,2023,冬,,159,
,111,杭州银泰线下门店,https://images.sursung.com/prod/icloud/10075491/20231227/B987ECF6E70E45769EE6D0B0CC071B33_s509511_h800_w800.jpg,R3410TR678,R3410TR6789511,可爽绒卫裤加厚款,深灰色;110,2,runrungo,2023,冬,,159,
,111,杭州银泰线下门店,https://images.sursung.com/prod/icloud/10075491/20231227/B987ECF6E70E45769EE6D0B0CC071B33_s509511_h800_w800.jpg,R3410TR678,R3410TR6789512,可爽绒卫裤加厚款,深灰色;120,2,runrungo,2023,冬,,159,
,111,杭州银泰线下门店,https://images.sursung.com/prod/icloud/10075491/20231227/B987ECF6E70E45769EE6D0B0CC071B33_s509511_h800_w800.jpg,R3410TR678,R3410TR6789513,可爽绒卫裤加厚款,深灰色;130,2,runrungo,2023,冬,,159,
,111,杭州银泰线下门店,https://images.sursung.com/prod/icloud/10075491/20231227/B987ECF6E70E45769EE6D0B0CC071B33_s509511_h800_w800.jpg,R3410TR678,R3410TR6789515,可爽绒卫裤加厚款,深灰色;150,2,runrungo,2023,冬,,159,
,111,杭州银泰线下门店,https://images.sursung.com/prod/icloud/10075491/20231227/BA1D2C045EA1419DA635616F93BF127E_s171784_h800_w800.jpg,R3410TR681,R3410TR6817911,冲锋裤,藏青色;110,1,runrungo,2023,冬,,259,
,111,杭州银泰线下门店,https://images.sursung.com/prod/icloud/10075491/20231227/BA1D2C045EA1419DA635616F93BF127E_s171784_h800_w800.jpg,R3410TR681,R3410TR6817916,冲锋裤,藏青色;160,1,runrungo,2023,冬,,259,
,111,杭州银泰线下门店,https://images.sursung.com/prod/icloud/10075491/20231227/70F1F27712034E319A4AD76A98904EFD_s163122_h800_w800.jpg,R3410TR681,R3410TR6819011,冲锋裤,灰色;110,1,runrungo,2023,冬,,259,
,111,杭州银泰线下门店,https://images.sursung.com/prod/icloud/10075491/20231227/70F1F27712034E319A4AD76A98904EFD_s163122_h800_w800.jpg,R3410TR681,R3410TR6819014,冲锋裤,灰色;140,1,runrungo,2023,冬,,259,
,111,杭州银泰线下门店,https://images.sursung.com/prod/icloud/10075491/20231227/70F1F27712034E319A4AD76A98904EFD_s163122_h800_w800.jpg,R3410TR681,R3410TR6819015,冲锋裤,灰色;150,1,runrungo,2023,冬,,259,
,111,杭州银泰线下门店,https://images.sursung.com/prod/icloud/10075491/20231227/70F1F27712034E319A4AD76A98904EFD_s163122_h800_w800.jpg,R3410TR681,R3410TR6819016,冲锋裤,灰色;160,1,runrungo,2023,冬,,259,
,111,杭州银泰线下门店,https://images.sursung.com/prod/icloud/10075491/20231227/E0DF16E95066418BB2CCC53C7B2987F6_s152287_h800_w800.jpg,R3410TR681,R3410TR6819911,冲锋裤,黑色;110,1,runrungo,2023,冬,,259,
,111,杭州银泰线下门店,https://images.sursung.com/prod/icloud/10075491/20231227/E0DF16E95066418BB2CCC53C7B2987F6_s152287_h800_w800.jpg,R3410TR681,R3410TR6819913,冲锋裤,黑色;130,1,runrungo,2023,冬,,259,
,111,杭州银泰线下门店,https://images.sursung.com/prod/icloud/10075491/20231227/F0BF0EE254C14F08B303BF3E16A0A302_s351806_h800_w800.jpg,R3410TR689,R3410TR6891010,暖暖卫裤,藏青色;100,1,RUNRUNGO,2023,冬,,129,
,111,杭州银泰线下门店,https://images.sursung.com/prod/icloud/10075491/20231227/F0BF0EE254C14F08B303BF3E16A0A302_s351806_h800_w800.jpg,R3410TR689,R3410TR6891011,暖暖卫裤,藏青色;110,1,RUNRUNGO,2023,冬,,129,
,111,杭州银泰线下门店,https://images.sursung.com/prod/icloud/10075491/20231227/F0BF0EE254C14F08B303BF3E16A0A302_s351806_h800_w800.jpg,R3410TR689,R3410TR6891013,暖暖卫裤,藏青色;130,1,RUNRUNGO,2023,冬,,129,
,111,杭州银泰线下门店,https://images.sursung.com/prod/icloud/10075491/20231227/F0BF0EE254C14F08B303BF3E16A0A302_s351806_h800_w800.jpg,R3410TR689,R3410TR6891015,暖暖卫裤,藏青色;150,1,RUNRUNGO,2023,冬,,129,
,111,杭州银泰线下门店,https://images.sursung.com/prod/icloud/10075491/20231227/96548E8C8F584AC2A913DF3A26FA346D_s434018_h800_w800.jpg,R3410TR689,R3410TR6891210,暖暖卫裤,咖色;100,1,RUNRUNGO,2023,冬,,129,
,111,杭州银泰线下门店,https://images.sursung.com/prod/icloud/10075491/20231227/D1DDE334A5A54DF6AC0A5E30F278F8C0_s443795_h800_w800.jpg,R3410TR689,R3410TR6892110,暖暖卫裤,灰绿;100,1,RUNRUNGO,2023,冬,,129,
,111,杭州银泰线下门店,https://images.sursung.com/prod/icloud/10075491/20231227/D1DDE334A5A54DF6AC0A5E30F278F8C0_s443795_h800_w800.jpg,R3410TR689,R3410TR6892111,暖暖卫裤,灰绿;110,1,RUNRUNGO,2023,冬,,129,
,111,杭州银泰线下门店,https://images.sursung.com/prod/icloud/10075491/20231227/D1DDE334A5A54DF6AC0A5E30F278F8C0_s443795_h800_w800.jpg,R3410TR689,R3410TR6892113,暖暖卫裤,灰绿;130,1,RUNRUNGO,2023,冬,,129,
,111,杭州银泰线下门店,https://images.sursung.com/prod/icloud/10075491/20231227/D1DDE334A5A54DF6AC0A5E30F278F8C0_s443795_h800_w800.jpg,R3410TR689,R3410TR6892114,暖暖卫裤,灰绿;140,1,RUNRUNGO,2023,冬,,129,
,111,杭州银泰线下门店,https://images.sursung.com/prod/icloud/10075491/20231227/D1DDE334A5A54DF6AC0A5E30F278F8C0_s443795_h800_w800.jpg,R3410TR689,R3410TR6892115,暖暖卫裤,灰绿;150,1,RUNRUNGO,2023,冬,,129,
,111,杭州银泰线下门店,https://images.sursung.com/prod/icloud/10075491/20231227/D1DDE334A5A54DF6AC0A5E30F278F8C0_s443795_h800_w800.jpg,R3410TR689,R3410TR6892116,暖暖卫裤,灰绿;160,1,RUNRUNGO,2023,冬,,129,
,111,杭州银泰线下门店,https://images.sursung.com/prod/icloud/10075491/20231227/0A1DCBD856FB4815B156B3728A9FEFC5_s377247_h800_w800.jpg,R3410TR689,R3410TR6892410,暖暖卫裤,深灰;100,1,RUNRUNGO,2023,冬,,129,
,111,杭州银泰线下门店,https://images.sursung.com/prod/icloud/10075491/20231227/0A1DCBD856FB4815B156B3728A9FEFC5_s377247_h800_w800.jpg,R3410TR689,R3410TR6892411,暖暖卫裤,深灰;110,1,RUNRUNGO,2023,冬,,129,
,111,杭州银泰线下门店,https://images.sursung.com/prod/icloud/10075491/20231227/0A1DCBD856FB4815B156B3728A9FEFC5_s377247_h800_w800.jpg,R3410TR689,R3410TR6892412,暖暖卫裤,深灰;120,1,RUNRUNGO,2023,冬,,129,
,111,杭州银泰线下门店,https://images.sursung.com/prod/icloud/10075491/20231227/0A1DCBD856FB4815B156B3728A9FEFC5_s377247_h800_w800.jpg,R3410TR689,R3410TR6892413,暖暖卫裤,深灰;130,1,RUNRUNGO,2023,冬,,129,
,111,杭州银泰线下门店,https://images.sursung.com/prod/icloud/10075491/20231227/0A1DCBD856FB4815B156B3728A9FEFC5_s377247_h800_w800.jpg,R3410TR689,R3410TR6892414,暖暖卫裤,深灰;140,1,RUNRUNGO,2023,冬,,129,
,111,杭州银泰线下门店,https://images.sursung.com/prod/icloud/10075491/20231227/0A1DCBD856FB4815B156B3728A9FEFC5_s377247_h800_w800.jpg,R3410TR689,R3410TR6892415,暖暖卫裤,深灰;150,1,RUNRUNGO,2023,冬,,129,
,111,杭州银泰线下门店,https://images.sursung.com/prod/icloud/10075491/20231227/0A1DCBD856FB4815B156B3728A9FEFC5_s377247_h800_w800.jpg,R3410TR689,R3410TR6892416,暖暖卫裤,深灰;160,1,RUNRUNGO,2023,冬,,129,
,111,杭州银泰线下门店,https://images.sursung.com/prod/icloud/10075491/20231227/B8709F2C39E44069B65C4875B4D04B15_s478477_h800_w800.jpg,R3410TR689,R3410TR6892610,暖暖卫裤,米色;100,1,RUNRUNGO,2023,冬,,129,
,111,杭州银泰线下门店,https://images.sursung.com/prod/icloud/10075491/20231227/B8709F2C39E44069B65C4875B4D04B15_s478477_h800_w800.jpg,R3410TR689,R3410TR6892614,暖暖卫裤,米色;140,1,RUNRUNGO,2023,冬,,129,
,111,杭州银泰线下门店,https://images.sursung.com/prod/icloud/10075491/20231227/1421683A2D1F4FA49479DBB9C0486C6F_s464029_h800_w800.jpg,R3410TR689,R3410TR6892710,暖暖卫裤,灰粉;100,1,RUNRUNGO,2023,冬,,129,
,111,杭州银泰线下门店,https://images.sursung.com/prod/icloud/10075491/20231227/1421683A2D1F4FA49479DBB9C0486C6F_s464029_h800_w800.jpg,R3410TR689,R3410TR6892711,暖暖卫裤,灰粉;110,1,RUNRUNGO,2023,冬,,129,
,111,杭州银泰线下门店,https://images.sursung.com/prod/icloud/10075491/20231227/1421683A2D1F4FA49479DBB9C0486C6F_s464029_h800_w800.jpg,R3410TR689,R3410TR6892714,暖暖卫裤,灰粉;140,1,RUNRUNGO,2023,冬,,129,
,111,杭州银泰线下门店,https://images.sursung.com/prod/icloud/10075491/20231227/1421683A2D1F4FA49479DBB9C0486C6F_s464029_h800_w800.jpg,R3410TR689,R3410TR6892715,暖暖卫裤,灰粉;150,1,RUNRUNGO,2023,冬,,129,
,111,杭州银泰线下门店,https://img.alicdn.com/bao/uploaded/i3/2536555896/O1CN01NYlz3U1tQPmE69sRG_!!2536555896.jpg_30x30.jpg,R9MRWK01,R9MRWK01ZH01,砖红毛绒卫裤,砖红色;80,1,Runrungo,2019,春秋冬,,89,
